FIPS,hospitals,icu_beds,total_pop,60plus,
1001,1,6,55036,10523,
1003,3,51,203360,53519,
1005,1,5,26201,6150,
1007,1,0,22580,4773,
1009,1,6,57667,13600,
1011,1,0,10478,2371,
1013,1,7,20126,5151,
1015,2,24,115527,27115,
1017,0,0,33895,8501,
1019,1,0,25855,7513,
1021,1,6,43805,9429,
1023,1,0,13188,3759,
1025,2,0,24625,6134,
1027,1,4,13407,3480,
1029,0,0,14939,3691,
1031,1,7,51073,11027,
1033,2,22,54435,14062,
1035,1,0,12649,3542,
1037,0,0,10955,3145,
1039,2,13,37519,10290,
1041,1,0,13866,3371,
1043,1,12,81703,19667,
1045,1,6,49393,10498,
1047,1,18,40755,9436,
1049,1,12,71194,15782,
1051,2,5,80989,15929,
1053,2,14,37621,8677,
1055,2,56,103132,25122,
1057,2,12,16657,4604,
1059,2,7,31507,7054,
1061,1,6,26572,6716,
1063,1,0,8533,2352,
1065,1,0,14995,3945,
1067,0,0,17110,4834,
1069,2,66,104108,23474,
1071,1,10,52326,13441,
1073,8,471,659460,138161,
1075,0,0,14021,3811,
1077,1,48,92590,23452,
1079,1,6,33288,7710,
1081,1,28,156597,24513,
1083,1,10,91695,18399,
1085,0,0,10362,2481,
1087,0,0,19358,4854,
1089,2,100,353213,70040,
1091,1,5,19743,5124,
1093,1,4,30058,8196,
1095,1,20,94738,21466,
1097,4,157,414328,88103,
1099,1,8,21745,5536,
1101,3,88,227120,44214,
1103,1,34,119157,26739,
1105,0,0,9680,2278,
1107,1,4,20170,4974,
1109,1,9,33287,6441,
1111,1,0,22530,6129,
1113,1,8,58480,10680,
1115,1,6,86937,18943,
1117,1,32,208721,41610,
1119,1,0,13084,3005,
1121,2,14,80888,18842,
1123,2,6,40756,11006,
1125,1,84,204424,36426,
1127,1,12,64927,16386,
1129,1,0,16746,4103,
1131,1,0,10919,2751,
1133,1,4,23968,6575,
2013,0,0,3338,510,
2016,0,0,5784,707,
2020,3,73,298225,43608,
2050,1,0,17957,2082,
2060,0,0,917,164,
2068,0,0,2303,481,
2070,1,0,4974,701,
2090,1,13,100031,13950,
2100,0,0,2537,727,
2105,0,0,2146,645,
2110,1,9,32434,5907,
2122,3,6,57961,13154,
2130,1,4,13745,2951,
2150,1,0,13773,1915,
2158,0,0,8129,674,
2164,0,0,1301,189,
2170,1,14,101135,16358,
2180,1,0,9869,1151,
2185,1,0,9757,1157,
2188,1,0,7715,851,
2195,1,0,3275,778,
2198,0,0,6473,1381,
2220,2,0,8810,1829,
2230,0,0,1038,175,
2240,0,0,6889,1256,
2261,2,0,9439,1790,
2275,1,0,2475,756,
2282,0,0,682,142,
2290,0,0,5453,1058,
4001,4,0,71602,14107,
4003,4,12,126516,35231,
4005,3,41,138639,23195,
4007,3,8,53145,18752,
4009,1,0,37700,6933,
4011,0,0,9368,1631,
4012,2,3,20477,9183,
4013,34,1004,4155501,808534,
4015,4,80,204691,73559,
4017,4,12,107902,24267,
4019,9,296,1007257,245814,
4021,4,22,405537,100086,
4023,1,0,46358,10530,
4025,2,39,220972,85127,
4027,1,42,204281,45739,
5001,2,0,18352,4693,
5003,1,6,20771,5094,
5005,2,17,41093,15979,
5007,3,30,251823,44616,
5009,1,24,37212,9809,
5011,1,0,10994,2825,
5013,0,0,5194,1436,
5015,2,0,27782,7997,
5017,1,0,11008,2835,
5019,1,0,22495,5000,
5021,1,0,15190,4125,
5023,1,0,25361,8437,
5025,0,0,8332,2195,
5027,1,6,23992,5481,
5029,1,0,20954,5270,
5031,2,66,104246,19242,
5033,1,8,62119,13589,
5035,1,0,49278,9487,
5037,1,0,17164,4020,
5039,1,0,7585,2206,
5041,2,0,12094,3044,
5043,1,5,18620,3890,
5045,2,25,121282,19658,
5047,1,0,17803,4640,
5049,1,0,12092,4099,
5051,3,41,97994,28731,
5053,0,0,18076,4063,
5055,1,8,44197,9006,
5057,1,8,22154,5273,
5059,1,6,33480,8417,
5061,1,0,13472,3157,
5063,1,12,37097,8706,
5065,0,0,13521,4226,
5067,0,0,17429,4039,
5069,1,34,71373,15529,
5071,1,8,26155,5619,
5073,0,0,7051,2097,
5075,1,0,16777,4447,
5077,0,0,9614,2289,
5079,0,0,13885,2882,
5081,1,0,12494,3272,
5083,2,0,21802,5494,
5085,0,0,71568,12771,
5087,0,0,15907,3897,
5089,0,0,16374,6057,
5091,0,0,43760,9791,
5093,2,5,43534,8720,
5095,0,0,7420,2254,
5097,0,0,9059,3095,
5099,0,0,8528,2133,
5101,0,0,7898,2612,
5103,1,8,24378,6183,
5105,0,0,10320,2645,
5107,1,6,19518,4632,
5109,0,0,10893,3014,
5111,0,0,24098,5793,
5113,1,6,20212,5939,
5115,1,11,63372,12757,
5117,0,0,8309,2425,
5119,8,209,392848,79133,
5121,1,2,17514,4836,
5123,1,6,26688,5393,
5125,1,16,116252,26545,
5127,1,0,10584,2606,
5129,0,0,7925,2684,
5131,2,69,127362,26807,
5133,0,0,17206,3266,
5135,0,0,17041,5487,
5137,1,0,12443,4150,
5139,1,16,40022,9680,
5141,1,0,16751,5519,
5143,3,61,223683,34691,
5145,1,13,78706,16257,
5147,0,0,6763,1975,
5149,2,0,21601,4891,
6001,12,282,1629615,300276,
6003,0,0,1203,429,
6005,1,6,37306,12967,
6007,4,43,225207,53616,
6009,1,0,45057,15872,
6011,1,0,21479,4027,
6013,7,163,1123678,231404,
6015,1,6,27442,6262,
6017,2,28,185015,49939,
6019,7,164,971616,157757,
6021,1,0,27935,6019,
6023,4,32,135490,31200,
6025,2,28,179957,30768,
6027,2,4,18195,5588,
6029,10,144,878744,130831,
6031,1,22,150183,20569,
6033,2,8,64095,19092,
6035,1,0,31470,5929,
6037,76,2126,10105722,1800341,
6039,1,10,154440,28392,
6041,3,66,260814,72684,
6043,1,0,17658,6311,
6045,3,14,87497,24313,
6047,2,24,267390,40383,
6049,2,0,9017,3106,
6051,1,2,14058,2723,
6053,4,27,433168,76257,
6055,2,32,141005,33686,
6057,2,10,98838,33612,
6059,24,651,3155816,598030,
6061,3,70,374985,92327,
6063,3,0,18724,6935,
6065,16,351,2355002,437180,
6067,8,396,1495400,279005,
6069,1,8,58671,10074,
6071,18,410,2121220,330448,
6073,15,570,3283665,604412,
6075,10,337,864263,179193,
6077,7,121,724153,123774,
6079,3,46,280119,70097,
6081,7,131,763450,161619,
6083,5,82,442996,86816,
6085,9,313,1911226,338720,
6087,3,22,273263,57232,
6089,4,81,178919,47900,
6091,0,0,2885,986,
6093,2,4,43530,14018,
6095,4,92,434981,90069,
6097,8,82,500943,124291,
6099,5,88,535684,92698,
6101,1,0,95583,19219,
6103,1,8,63247,15876,
6105,1,0,13037,4734,
6107,4,51,458809,69266,
6109,1,6,53899,17942,
6111,7,139,847834,167777,
6113,2,14,212605,34981,
6115,1,24,74644,12327,
8001,3,168,487850,69778,
8003,1,6,16345,2952,
8005,3,127,626612,111767,
8007,1,0,12592,4283,
8009,1,0,3581,1178,
8011,0,0,5806,1296,
8013,5,72,316782,59425,
8014,1,20,64283,11264,
8015,1,2,18818,6312,
8017,1,0,2127,380,
8019,0,0,9257,2454,
8021,1,0,8147,2034,
8023,0,0,3628,1272,
8025,0,0,5514,1074,
8027,0,0,4505,2092,
8029,1,6,30217,9773,
8031,6,227,678467,109403,
8033,0,0,1736,537,
8035,3,54,320940,50139,
8037,1,5,53726,8107,
8039,0,0,24553,5592,
8041,3,95,674826,116223,
8043,1,4,46601,12609,
8045,2,5,57945,10202,
8047,0,0,5793,1583,
8049,1,0,14793,3858,
8051,1,0,16215,2905,
8053,0,0,820,329,
8055,1,0,6498,2568,
8057,0,0,1372,398,
8059,4,94,564029,124374,
8061,1,0,1368,370,
8063,1,0,7846,1873,
8065,1,0,7481,1439,
8067,2,11,54469,12490,
8069,5,55,330976,67199,
8071,1,0,14151,4307,
8073,1,0,5520,1200,
8075,1,4,21885,5056,
8077,3,44,148798,35763,
8079,0,0,834,394,
8081,1,0,13056,2777,
8083,1,4,25770,7299,
8085,1,8,40908,12041,
8087,2,6,28123,6047,
8089,1,506,18325,4816,
8091,0,0,4653,1815,
8093,0,0,16900,4718,
8095,2,0,4327,1037,
8097,1,4,17747,4417,
8099,1,0,12084,2840,
8101,2,32,163368,39318,
8103,2,0,6557,1362,
8105,1,0,11430,2857,
8107,1,4,24359,4914,
8109,0,0,6338,1917,
8111,0,0,569,164,
8113,0,0,7804,1475,
8115,1,0,2357,770,
8117,1,8,29722,5667,
8119,1,0,23769,6744,
8121,0,0,4809,1285,
8123,1,26,285729,48279,
8125,2,0,10109,2385,
9001,6,173,947328,197334,
9003,7,216,897417,201242,
9005,2,21,184454,50170,
9007,1,24,164110,41372,
9009,8,186,862127,194911,
9011,2,32,270772,63495,
9013,2,16,151596,31539,
9015,2,6,116674,25482,
10001,1,29,173145,36849,
10003,2,119,555036,112051,
10005,3,38,215551,71832,
11001,6,314,672391,113026,
12001,2,210,259865,47766,
12003,1,0,27537,5367,
12005,2,77,180117,40210,
12007,1,0,26775,6394,
12009,7,159,568183,170919,
12011,14,587,1890416,406732,
12013,1,0,14458,3483,
12015,3,51,173236,81236,
12017,2,40,141373,61636,
12019,2,28,203291,41495,
12021,2,73,356774,132129,
12023,2,27,68484,17039,
12027,1,8,35675,9739,
12029,0,0,16323,5078,
12031,7,412,912043,171837,
12033,3,120,309924,68143,
12035,1,18,105015,38651,
12037,1,0,11675,3127,
12039,1,0,46113,10880,
12041,0,0,17191,4554,
12043,0,0,13197,4162,
12045,1,0,16018,3954,
12047,0,0,14238,3247,
12049,1,0,27326,5531,
12051,1,3,39064,6808,
12053,2,44,179144,61882,
12055,2,38,100177,41387,
12057,8,432,1351087,257269,
12059,1,0,19483,4989,
12061,2,40,147981,57277,
12063,1,7,48571,12035,
12065,0,0,14085,4326,
12067,0,0,8684,1667,
12069,4,158,326215,107419,
12071,4,141,700165,239488,
12073,2,60,285890,49057,
12075,1,0,39713,12422,
12077,0,0,8347,1621,
12079,1,0,18518,4779,
12081,3,90,363542,120595,
12083,2,110,343778,119425,
12085,1,74,155719,57914,
12086,17,593,2702602,563748,
12087,3,14,76745,22310,
12089,1,0,78435,21894,
12091,3,57,197591,41694,
12093,1,8,40228,10230,
12095,3,388,1290216,206342,
12097,3,66,325168,57062,
12099,12,401,1426772,414928,
12101,6,166,498136,142985,
12103,10,279,949842,293786,
12105,5,145,652256,169578,
12107,1,10,72435,21116,
12109,1,47,226578,57092,
12111,2,69,298763,87591,
12113,3,16,166778,34353,
12115,4,118,404839,174026,
12117,2,38,449260,92794,
12119,0,0,116754,74936,
12121,1,0,43814,11617,
12123,1,6,22350,5833,
12125,1,0,15300,3196,
12127,5,148,518660,160876,
12129,0,0,31586,6317,
12131,2,28,63457,16604,
12133,1,0,24472,5555,
13001,1,3,18471,4208,
13003,0,0,8313,1451,
13005,1,4,11279,2329,
13007,0,0,3251,919,
13009,1,12,45527,9287,
13011,0,0,18363,4207,
13013,1,6,75099,12454,
13015,1,21,102623,18389,
13017,1,5,17272,3982,
13019,1,0,19014,4266,
13021,3,117,153923,31993,
13023,1,0,12779,2860,
13025,0,0,18411,3792,
13027,1,0,15629,4099,
13029,0,0,34883,4985,
13031,1,24,73742,11463,
13033,1,0,22645,4540,
13035,1,0,23556,4813,
13037,0,0,6503,1362,
13039,1,5,52252,8503,
13043,1,6,10894,2476,
13045,2,18,114898,20423,
13047,1,0,65870,14752,
13049,0,0,12963,2473,
13051,3,78,285506,56014,
13053,0,0,11096,645,
13055,0,0,24880,5705,
13057,1,15,235896,42210,
13059,2,104,123554,17345,
13061,0,0,3024,937,
13063,1,34,274150,36959,
13065,1,0,6788,1466,
13067,2,119,739072,120689,
13069,1,10,43048,7860,
13071,2,10,45890,8918,
13073,0,0,143723,26092,
13075,1,0,17190,3527,
13077,2,19,138015,25269,
13079,0,0,12385,2798,
13081,1,16,23005,5331,
13083,0,0,16282,4079,
13085,0,0,23397,6208,
13087,1,10,27023,5831,
13089,3,168,736066,121505,
13091,1,6,21063,4726,
13093,1,0,14053,3522,
13095,1,50,91522,18997,
13097,1,8,140152,22028,
13099,1,0,10405,2739,
13101,0,0,4011,681,
13103,1,0,57087,9061,
13105,1,4,19288,5092,
13107,1,8,22502,4782,
13109,1,0,10757,2260,
13111,1,5,24480,8800,
13113,1,37,110306,25277,
13115,2,65,96471,20941,
13117,1,24,211300,33215,
13119,1,8,22328,5691,
13121,7,538,1010420,159840,
13123,0,0,29614,9166,
13125,0,0,3027,713,
13127,1,24,83467,20679,
13129,1,8,56424,10941,
13131,1,4,25048,5593,
13133,1,0,16732,6034,
13135,3,82,889954,122430,
13137,1,4,43878,10665,
13139,1,85,192865,36793,
13141,0,0,8667,2435,
13143,1,0,28722,6357,
13145,0,0,33198,7948,
13147,0,0,25535,7015,
13149,0,0,11607,2692,
13151,1,40,217506,34127,
13153,2,36,150341,25522,
13155,1,0,9278,2170,
13157,1,0,63851,12724,
13159,1,0,13732,3116,
13161,1,4,14999,3219,
13163,1,0,15954,3828,
13165,1,0,8929,2049,
13167,0,0,9800,2334,
13169,0,0,28540,6333,
13171,0,0,18282,3955,
13173,1,0,10388,1972,
13175,1,16,47451,10610,
13177,0,0,29216,4964,
13179,1,0,62120,7447,
13181,0,0,7768,2318,
13183,0,0,17857,2398,
13185,1,48,113941,17921,
13187,0,0,31567,7478,
13189,1,0,21488,4855,
13191,0,0,14061,4475,
13193,0,0,13675,2925,
13195,0,0,28600,6721,
13197,0,0,8558,2190,
13199,1,0,21152,5261,
13201,1,0,5884,1561,
13205,1,0,22574,4919,
13207,1,0,26795,6594,
13209,0,0,8962,1891,
13211,1,0,18013,4678,
13213,1,0,39444,7520,
13215,3,61,198647,34483,
13217,1,10,105042,18455,
13219,0,0,35972,7602,
13221,0,0,14654,3441,
13223,1,8,152399,21365,
13225,1,0,27027,5201,
13227,1,6,30343,8464,
13229,0,0,19141,4228,
13231,0,0,17919,3658,
13233,1,0,41444,8705,
13235,1,6,11396,2806,
13237,1,0,21430,6275,
13239,0,0,2140,913,
13241,1,0,16354,5564,
13243,1,0,7206,2258,
13245,3,264,201568,38152,
13247,1,16,88482,17124,
13249,0,0,5168,1100,
13251,1,0,14037,3450,
13253,1,0,8549,2541,
13255,1,22,64192,14777,
13257,1,6,25625,6327,
13259,0,0,5832,1209,
13261,1,10,30687,6539,
13263,0,0,6423,2045,
13265,0,0,1844,511,
13267,1,0,25402,4769,
13269,0,0,8267,2020,
13271,0,0,16339,3802,
13273,0,0,8978,2148,
13275,1,35,44909,10319,
13277,1,20,40531,8091,
13279,1,8,27160,5815,
13281,1,0,11173,4566,
13283,0,0,6752,1666,
13285,1,20,69433,13380,
13287,0,0,8036,2004,
13289,0,0,8323,2395,
13291,1,5,22262,8856,
13293,1,28,26241,6294,
13295,0,0,68609,16583,
13297,1,7,88695,17821,
13299,1,22,35688,7974,
13301,0,0,5410,1586,
13303,1,0,20506,4483,
13305,1,12,29833,6149,
13307,0,0,2627,671,
13309,0,0,7952,1550,
13311,0,0,28509,7553,
13313,1,34,103963,18625,
13315,0,0,8896,1960,
13317,1,0,9905,2863,
13319,0,0,9147,2285,
13321,1,0,20809,5131,
15001,6,24,196325,52582,
15003,8,148,990060,218287,
15005,0,0,86,27,
15007,3,9,71093,18043,
15009,4,20,164094,37939,
16001,3,105,435117,80856,
16003,0,0,3946,1513,
16005,1,20,84113,15750,
16007,1,0,5942,1565,
16009,1,0,9050,2780,
16011,2,5,45369,8667,
16013,1,0,21583,5080,
16015,0,0,6968,2461,
16017,1,4,41855,13317,
16019,2,35,110404,20000,
16021,1,0,11323,3394,
16023,1,0,2613,807,
16025,0,0,886,267,
16027,3,41,207027,36810,
16029,1,0,6862,1645,
16031,1,6,23472,4324,
16033,0,0,1055,184,
16035,1,0,8533,3035,
16037,0,0,4141,1641,
16039,1,0,26232,4586,
16041,1,0,13120,2458,
16043,0,0,12889,2942,
16045,1,0,16850,4887,
16047,1,0,15110,3215,
16049,2,0,16275,5638,
16051,0,0,27410,4382,
16053,1,0,23039,4145,
16055,2,55,150128,36910,
16057,1,0,38697,6552,
16059,1,0,7755,2895,
16061,0,0,3824,1252,
16063,0,0,5296,973,
16065,1,4,38241,3374,
16067,1,0,20448,4407,
16069,1,9,40014,10185,
16071,1,0,4284,1060,
16073,0,0,11384,2589,
16075,0,0,22839,5298,
16077,1,0,7667,1593,
16079,1,0,12490,3745,
16081,1,0,10776,1500,
16083,1,30,82248,16621,
16085,2,0,10104,3660,
16087,1,0,9996,3185,
17001,1,25,66787,16968,
17003,0,0,6776,1841,
17005,1,0,17034,4097,
17007,0,0,53638,10544,
17009,0,0,6791,1260,
17011,2,9,33619,9368,
17013,0,0,4897,1471,
17015,0,0,14704,4653,
17017,0,0,12880,2896,
17019,2,51,207946,35016,
17021,2,0,33562,8376,
17023,0,0,15924,4021,
17025,1,0,13393,3767,
17027,1,4,37640,8553,
17029,1,9,52540,11175,
17031,46,1606,5238541,1005046,
17033,1,0,19214,4912,
17035,0,0,10899,2730,
17037,2,16,104473,16887,
17039,1,0,16176,3995,
17041,0,0,19830,4574,
17043,6,257,931826,189208,
17045,1,0,17603,4908,
17047,0,0,6570,1759,
17049,1,10,34164,8041,
17051,1,4,21980,5172,
17053,1,2,13470,3522,
17055,1,0,39302,10199,
17057,1,5,35733,9382,
17059,0,0,5226,1526,
17061,1,0,13311,3320,
17063,1,8,50333,9077,
17065,1,0,8259,2379,
17067,1,0,18264,5387,
17069,1,0,4161,1198,
17071,0,0,6927,2225,
17073,2,3,49649,12932,
17075,1,0,28457,8008,
17077,2,21,59115,11301,
17079,0,0,9608,2496,
17081,2,22,38358,9508,
17083,1,4,22215,5642,
17085,1,0,22046,7704,
17087,0,0,12899,3202,
17089,5,103,529402,93411,
17091,2,56,110801,23667,
17093,0,0,122933,16292,
17095,2,18,51374,13829,
17097,6,108,704476,131932,
17099,3,13,111151,27315,
17101,1,0,16457,3784,
17103,1,6,34670,8585,
17105,1,5,36812,9046,
17107,1,0,29488,7086,
17109,1,7,31597,7097,
17111,2,33,308043,58774,
17113,2,30,173231,29727,
17115,2,65,107587,27263,
17117,2,0,45960,12200,
17119,5,58,266153,60531,
17121,2,9,38305,9723,
17123,0,0,11925,3583,
17125,1,0,13904,3948,
17127,1,0,14594,3963,
17129,0,0,12416,3156,
17131,1,0,15794,4395,
17133,0,0,33739,7670,
17135,2,0,29173,7326,
17137,1,9,34442,8786,
17139,0,0,14711,3592,
17141,1,4,51619,12307,
17143,3,107,186145,40675,
17145,2,0,21467,5195,
17147,1,0,16433,4034,
17149,1,0,15930,4190,
17151,0,0,4360,1604,
17153,0,0,5691,1566,
17155,0,0,5771,1655,
17157,3,0,32829,8130,
17159,1,8,15953,4167,
17161,2,58,146205,35994,
17163,4,42,264433,54566,
17165,2,0,24430,6376,
17167,2,99,198134,45191,
17169,1,0,7181,2052,
17171,0,0,5109,1345,
17173,1,0,21906,6197,
17175,0,0,5551,1581,
17177,1,8,45839,13432,
17179,2,8,134695,31973,
17181,1,0,17267,4624,
17183,2,12,79207,19371,
17185,1,4,11568,3004,
17187,1,0,17429,4147,
17189,1,0,14260,3641,
17191,1,4,16569,4419,
17193,0,0,14186,3906,
17195,2,9,56823,14999,
17197,3,92,687727,116816,
17199,2,26,67477,16353,
17201,3,87,287512,65218,
17203,1,0,38942,8978,
18001,1,4,35018,7140,
18003,6,170,367747,70976,
18005,1,17,81024,16862,
18007,0,0,8685,2012,
18009,1,0,12214,3332,
18011,1,8,63013,11259,
18013,0,0,15007,4827,
18015,0,0,19994,5056,
18017,1,5,38248,8878,
18019,1,25,114893,23978,
18021,1,0,26375,6400,
18023,1,0,32455,7149,
18025,0,0,10598,2693,
18027,1,5,32777,6611,
18029,1,8,49564,11201,
18031,1,0,26480,5924,
18033,1,8,42524,9197,
18035,1,36,115938,25540,
18037,1,26,42379,9945,
18039,2,35,202924,38669,
18041,1,20,23426,6065,
18043,2,16,76481,16661,
18045,0,0,16620,4359,
18047,1,7,22835,5422,
18049,1,4,20296,5248,
18051,1,5,33596,7576,
18053,1,19,67615,16678,
18055,1,5,32431,8315,
18057,5,10,309687,49209,
18059,1,24,72776,15514,
18061,1,4,39450,9441,
18063,3,39,158170,28822,
18065,1,10,48649,12162,
18067,2,13,82457,20461,
18069,1,0,36520,8144,
18071,1,7,43779,9380,
18073,1,4,33448,7509,
18075,1,0,21107,5031,
18077,1,6,32293,7164,
18079,1,0,27840,6079,
18081,1,6,149359,29234,
18083,1,30,37763,8735,
18085,1,14,78720,16785,
18087,1,0,38720,7291,
18089,9,188,488694,104898,
18091,2,34,110839,25713,
18093,2,6,45669,11750,
18095,3,21,129641,30680,
18097,9,526,939964,160942,
18099,2,7,46752,10866,
18101,0,0,10219,2501,
18103,1,4,36035,7957,
18105,2,38,144436,23773,
18107,1,5,38288,8814,
18109,1,10,69533,15510,
18111,0,0,14056,3390,
18113,1,0,47421,9969,
18115,0,0,5911,1568,
18117,1,0,19623,4677,
18119,0,0,20957,5415,
18121,0,0,17062,4098,
18123,1,4,19229,4691,
18125,0,0,12471,3271,
18127,1,32,167391,36197,
18129,0,0,25599,6134,
18131,1,0,12761,3245,
18133,1,6,37543,8058,
18135,1,0,25203,6468,
18137,0,0,28372,6402,
18139,1,0,16765,4040,
18141,3,74,268613,57385,
18143,1,4,23722,5247,
18145,1,0,44339,10052,
18147,0,0,20610,5172,
18149,1,1,22966,5553,
18151,1,2,34459,8776,
18153,1,4,20900,4547,
18155,0,0,10617,2474,
18157,2,30,186081,28594,
18159,1,0,15290,3910,
18161,0,0,7225,1800,
18163,2,154,181831,40560,
18165,1,6,15644,4085,
18167,2,54,107723,22306,
18169,1,0,31848,8461,
18171,1,0,8269,2214,
18173,2,24,61581,13734,
18175,1,0,27807,6355,
18177,1,30,66972,16958,
18179,1,7,27832,6613,
18181,1,0,24279,6402,
18183,1,0,33481,8060,
19001,1,0,7192,2161,
19003,1,0,3785,1142,
19005,1,0,13940,4004,
19007,1,3,12547,3759,
19009,1,0,5711,1817,
19011,1,0,25646,5969,
19013,3,24,132960,28271,
19015,1,3,26381,6491,
19017,2,0,24741,6207,
19019,1,0,21101,4777,
19021,1,5,20369,4287,
19023,0,0,14822,4297,
19025,1,2,9814,3002,
19027,2,6,20428,5287,
19029,1,4,13327,3898,
19031,0,0,18368,4727,
19033,1,18,43134,12003,
19035,1,0,11577,3637,
19037,1,0,12140,3281,
19039,1,0,9267,2256,
19041,1,0,16387,4559,
19043,2,0,17711,5374,
19045,2,10,47587,12082,
19047,1,0,17131,3829,
19049,1,0,80864,12950,
19051,1,0,8834,2110,
19053,1,0,8105,2081,
19055,1,0,17326,4418,
19057,1,12,39876,10621,
19059,1,3,17000,5604,
19061,3,18,96571,22155,
19063,1,0,9661,2546,
19065,2,0,20139,5519,
19067,1,0,15904,4425,
19069,1,0,10326,2904,
19071,1,0,6985,2030,
19073,1,4,9046,2584,
19075,1,0,12354,3350,
19077,1,0,10664,3168,
19079,1,0,15201,4022,
19081,1,0,10971,3061,
19083,1,0,17239,4835,
19085,1,0,14196,3779,
19087,1,0,19865,4736,
19089,1,0,9321,2496,
19091,1,0,9586,2548,
19093,1,0,6965,2010,
19095,1,0,16231,3976,
19097,1,0,19409,5316,
19099,1,4,36789,9289,
19101,1,0,17945,5327,
19103,2,95,144425,21650,
19105,1,0,20468,5304,
19107,1,0,10223,2899,
19109,1,0,15166,4508,
19111,2,10,34785,9123,
19113,2,44,220008,45693,
19115,0,0,11238,2610,
19117,1,0,8600,2459,
19119,1,0,11745,2710,
19121,1,0,15720,3468,
19123,1,0,22301,5458,
19125,2,3,33127,7804,
19127,1,0,40476,9549,
19129,0,0,14933,3584,
19131,1,0,10663,2990,
19133,1,0,8865,2842,
19135,1,0,7912,1998,
19137,1,8,10239,2863,
19139,1,5,42923,9608,
19141,2,0,13944,3787,
19143,1,0,6149,1621,
19145,2,2,15393,4507,
19147,1,0,9110,2512,
19149,1,0,25027,6126,
19151,1,0,6972,2100,
19153,4,112,467235,81860,
19155,2,29,93287,21265,
19157,1,5,18428,4687,
19159,1,0,4986,1529,
19161,1,0,9936,2963,
19163,2,46,171493,36851,
19165,1,0,11772,3381,
19167,4,0,34692,6858,
19169,2,14,95888,14980,
19171,0,0,17236,4455,
19173,0,0,6214,1749,
19175,1,4,12497,3366,
19177,1,0,7308,2036,
19179,1,11,35321,8335,
19181,0,0,48630,10113,
19183,1,0,22095,5388,
19185,1,0,6405,1872,
19187,1,8,36945,8966,
19189,0,0,10545,3095,
19191,1,0,20575,5243,
19193,2,33,102397,20666,
19195,0,0,7502,1990,
19197,2,0,12864,3778,
20001,1,0,12752,3383,
20003,1,0,7840,2090,
20005,1,4,16466,3518,
20007,2,0,4905,1307,
20009,3,4,27067,6712,
20011,0,0,14757,3661,
20013,1,0,9736,2486,
20015,2,16,66260,13403,
20017,0,0,2665,837,
20019,1,0,3425,1156,
20021,2,0,20501,5088,
20023,1,0,2677,911,
20025,1,0,2089,587,
20027,1,0,8203,2413,
20029,1,0,9191,2463,
20031,0,0,8328,2233,
20033,1,0,1741,582,
20035,2,4,35732,8333,
20037,2,12,39099,7956,
20039,1,0,2891,989,
20041,2,0,19162,4867,
20043,0,0,7790,2038,
20045,1,10,117806,18450,
20047,1,0,2946,782,
20049,0,0,2581,935,
20051,1,34,28877,5912,
20053,1,0,6331,1772,
20055,1,8,37097,5555,
20057,2,10,34658,5103,
20059,1,5,25599,5593,
20061,1,6,35796,3964,
20063,1,0,2632,882,
20065,1,0,2561,862,
20067,1,0,7716,1303,
20069,0,0,6004,1227,
20071,1,0,1210,371,
20073,1,0,6227,2057,
20075,1,0,2621,455,
20077,1,0,5746,1672,
20079,1,6,34683,8619,
20081,1,0,4081,804,
20083,1,0,1875,577,
20085,1,0,13322,3473,
20087,1,0,18856,4716,
20089,1,0,2963,1107,
20091,9,110,578797,110038,
20093,1,0,3931,755,
20095,1,0,7576,2096,
20097,1,0,2524,729,
20099,2,5,20553,5125,
20101,1,0,1702,442,
20103,2,10,79359,15061,
20105,1,0,3121,944,
20107,0,0,9602,2635,
20109,1,0,2790,840,
20111,1,6,33302,6409,
20113,3,7,28792,7540,
20115,2,0,12087,3564,
20117,1,0,9859,2826,
20119,1,0,4295,1016,
20121,1,0,32976,7544,
20123,1,4,6230,1776,
20125,1,7,33463,8712,
20127,1,0,5605,1854,
20129,1,0,2931,666,
20131,2,0,10095,2619,
20133,1,5,16209,4042,
20135,2,0,3001,969,
20137,1,0,5527,1317,
20139,0,0,15894,4124,
20141,1,0,3684,1175,
20143,1,0,5957,1490,
20145,1,0,6776,1864,
20147,1,0,5446,1631,
20149,2,0,23188,4546,
20151,1,6,9670,2512,
20153,1,0,2520,865,
20155,2,20,63360,15902,
20157,1,0,4705,1745,
20159,1,0,9868,2499,
20161,2,8,75696,8478,
20163,1,0,5148,1392,
20165,1,0,3119,974,
20167,1,0,6987,2235,
20169,2,18,55334,12413,
20171,1,0,4981,1338,
20173,6,236,510484,97508,
20175,1,8,22948,3309,
20177,2,52,178392,41511,
20179,1,0,2497,725,
20181,1,0,5999,1592,
20183,1,0,3693,1327,
20185,1,0,4251,1151,
20187,1,0,2107,490,
20189,1,0,5741,1076,
20191,2,0,23336,5525,
20193,1,1,7847,1833,
20195,1,0,2899,892,
20197,0,0,6918,1733,
20199,0,0,1591,421,
20201,2,0,5572,1719,
20203,1,0,2157,537,
20205,2,0,8858,2497,
20207,0,0,3178,1025,
20209,2,145,163227,27635,
21001,1,0,19304,4558,
21003,1,0,20628,4783,
21005,0,0,22017,4689,
21007,0,0,8152,2211,
21009,1,10,43418,9933,
21011,0,0,12189,2815,
21013,2,7,27469,6714,
21015,1,18,127682,22880,
21017,1,4,20017,4949,
21019,2,50,48486,12601,
21021,1,22,29773,7324,
21023,0,0,8330,1834,
21025,1,4,13276,2950,
21027,1,0,19991,5162,
21029,0,0,78622,16484,
21031,0,0,12735,3036,
21033,1,0,12747,3148,
21035,1,10,38616,8253,
21037,1,21,91804,19251,
21039,0,0,4890,1333,
21041,1,0,10695,2153,
21043,0,0,27385,6600,
21045,1,0,15805,4012,
21047,1,18,72438,11300,
21049,1,8,35757,8552,
21051,1,6,20866,4137,
21053,1,0,10208,2661,
21055,1,0,9154,2418,
21057,1,0,6744,1807,
21059,1,32,99258,22152,
21061,0,0,12063,3138,
21063,0,0,7533,1799,
21065,1,0,14382,3491,
21067,4,260,315109,55235,
21069,1,3,14515,3347,
21071,3,16,37447,8825,
21073,1,10,49969,11999,
21075,0,0,6259,1667,
21077,0,0,8652,1693,
21079,0,0,17226,4077,
21081,1,0,24800,4489,
21083,1,8,37259,8947,
21085,1,6,26129,6066,
21087,1,0,11044,3113,
21089,0,0,36012,9521,
21091,0,0,8700,1996,
21093,1,20,107699,19472,
21095,1,7,27548,6579,
21097,1,6,18630,4370,
21099,1,0,18531,4124,
21101,1,12,46252,10871,
21103,0,0,15677,3627,
21105,0,0,4625,1387,
21107,1,19,45985,11048,
21109,0,0,13369,3018,
21111,4,366,764378,161771,
21113,0,0,51667,10163,
21115,1,6,23064,5441,
21117,1,54,163987,31245,
21119,0,0,15690,3700,
21121,1,4,31424,7187,
21123,0,0,14102,3193,
21125,1,14,59901,12999,
21127,1,6,15844,3685,
21129,0,0,6717,1622,
21131,1,0,10648,2421,
21133,1,6,23011,5498,
21135,0,0,13565,3211,
21137,1,0,24413,5718,
21139,1,0,9288,2565,
21141,1,6,26847,6256,
21143,0,0,8268,2744,
21145,2,58,65285,16639,
21147,0,0,17748,3649,
21149,0,0,9361,2342,
21151,2,12,88376,16155,
21153,0,0,12783,2681,
21155,1,6,19335,4112,
21157,1,4,31177,8929,
21159,0,0,12175,2520,
21161,1,5,17167,4041,
21163,0,0,28452,5153,
21165,0,0,6381,1692,
21167,1,4,21378,5365,
21169,0,0,9990,2518,
21171,1,0,10645,2575,
21173,1,4,27550,5851,
21175,1,0,13281,3148,
21177,1,6,31153,7703,
21179,1,4,45131,9073,
21181,0,0,7061,1716,
21183,1,4,24062,5824,
21185,1,8,64633,11255,
21187,0,0,10686,2733,
21189,0,0,4497,1077,
21191,0,0,14530,2966,
21193,1,32,27329,6143,
21195,2,76,61586,14290,
21197,0,0,12349,2502,
21199,1,38,63974,15846,
21201,0,0,2161,601,
21203,1,0,16815,4047,
21205,1,10,24392,4411,
21207,1,2,17731,4680,
21209,1,6,52322,8436,
21211,1,4,45831,9425,
21213,1,0,17881,3934,
21215,0,0,18012,3154,
21217,1,8,25406,5890,
21219,0,0,12377,2555,
21221,1,0,14286,4271,
21223,0,0,8697,2046,
21225,1,0,14915,3262,
21227,2,52,123824,21484,
21229,0,0,11999,2857,
21231,1,0,20692,5282,
21233,0,0,13180,3120,
21235,1,10,36027,8053,
21237,0,0,7251,1797,
21239,1,0,25817,6129,
22001,2,4,62607,12138,
22003,2,3,25667,4916,
22005,1,0,119129,18726,
22007,1,0,22881,5211,
22009,2,2,41095,9096,
22011,1,6,36598,7788,
22013,1,0,13806,3706,
22015,0,0,125698,23653,
22017,5,107,251069,54633,
22019,5,75,198753,39284,
22021,2,0,10000,2320,
22023,1,0,6806,1649,
22025,0,0,10044,2388,
22027,1,4,16296,3960,
22029,1,5,20211,4548,
22031,1,0,27164,6289,
22033,7,124,446167,81150,
22035,1,0,7318,1369,
22037,0,0,19553,4704,
22039,2,24,33750,6942,
22041,1,6,20388,4672,
22043,0,0,22305,4423,
22045,1,11,73346,14679,
22047,0,0,33122,6966,
22049,1,0,15952,3997,
22051,5,215,437038,96599,
22053,1,5,31405,6940,
22055,7,80,238230,41592,
22057,3,21,98112,19612,
22059,2,0,14930,3353,
22061,1,17,47536,8335,
22063,0,0,137096,24235,
22065,1,0,11616,2251,
22067,1,12,26290,6321,
22069,1,8,39051,8279,
22071,5,111,388182,74618,
22073,4,88,156433,30466,
22075,0,0,23394,4024,
22077,1,0,22271,5833,
22079,3,26,132080,27820,
22081,1,0,8723,2085,
22083,2,2,20619,4470,
22085,1,0,24145,6342,
22087,1,8,45067,6771,
22089,1,8,52728,9258,
22091,1,0,10509,2784,
22093,1,0,21485,4921,
22095,0,0,43565,8070,
22097,1,16,83580,17636,
22099,1,0,53609,10425,
22101,2,15,52578,11173,
22103,6,149,249201,55158,
22105,4,64,128850,24738,
22107,0,0,4771,1350,
22109,3,26,113067,21180,
22111,2,0,22537,6027,
22113,2,6,59841,11580,
22115,1,7,51906,7791,
22117,2,13,46449,11494,
22119,2,16,40043,10020,
22121,0,0,25518,4884,
22123,1,0,11274,2783,
22125,1,0,15376,3049,
22127,1,5,14631,3354,
23001,2,54,107317,24289,
23003,4,12,68840,20453,
23005,4,72,289173,68027,
23007,1,5,30177,8571,
23009,3,6,54468,16940,
23011,2,16,121289,31337,
23013,1,8,39700,12268,
23015,1,4,34021,11973,
23017,2,6,57230,16027,
23019,4,51,152284,36356,
23021,2,0,16960,5761,
23023,0,0,35149,9471,
23025,2,4,50994,13707,
23027,1,4,39280,11094,
23029,2,0,31822,9959,
23031,2,14,201454,52544,
24001,1,15,72591,18311,
24003,2,53,564600,111090,
24005,5,123,828637,186412,
24009,1,4,90824,18153,
24011,0,0,32785,6877,
24013,1,10,167319,36730,
24015,1,5,102416,21069,
24017,1,10,156021,26064,
24019,0,0,32386,8893,
24021,1,18,246105,46881,
24023,1,2,29516,8442,
24025,2,19,250132,53295,
24027,1,16,312495,57302,
24029,1,6,19666,6220,
24031,6,150,1039198,209461,
24033,5,89,905161,159437,
24035,0,0,49071,12065,
24037,1,12,110979,18983,
24039,1,0,25801,5570,
24041,1,16,37461,12868,
24043,1,48,149546,33148,
24045,1,24,102014,21277,
24047,1,6,51559,17655,
24510,12,508,619796,115716,
25001,2,34,213900,80676,
25003,2,24,127751,37339,
25005,4,96,557016,124173,
25007,1,0,17275,5109,
25009,5,98,775860,173485,
25011,1,6,70926,19773,
25013,5,119,469188,103567,
25015,1,11,161197,34945,
25017,11,216,1582857,319971,
25019,1,0,10912,2283,
25021,4,59,694389,155147,
25023,3,47,509114,119899,
25025,10,447,780685,125537,
25027,8,169,818249,170081,
26001,0,0,10413,4705,
26003,1,0,9254,3126,
26005,1,0,114145,24717,
26007,1,9,28730,8520,
26009,0,0,23133,8100,
26011,1,5,15238,4939,
26013,1,0,8580,2373,
26015,1,0,59607,14931,
26017,1,32,105350,27300,
26019,1,0,17462,5771,
26021,2,20,154948,39067,
26023,1,10,43543,10379,
26025,2,32,134327,31227,
26027,1,0,51397,13966,
26029,1,0,26160,8123,
26031,0,0,25475,8824,
26033,1,6,38023,8659,
26035,1,0,30597,9532,
26037,1,2,77321,16938,
26039,1,6,13821,4436,
26041,1,9,36395,10991,
26043,1,6,25694,7463,
26045,2,0,108586,26110,
26047,1,58,32978,9255,
26049,3,151,410881,93094,
26051,1,0,25324,8522,
26053,1,5,15577,5016,
26055,1,20,91222,23009,
26057,1,0,41319,9162,
26059,1,4,45909,11598,
26061,2,5,36333,8122,
26063,3,4,31750,10169,
26065,2,219,286185,51447,
26067,1,2,64147,12876,
26069,1,4,25317,9417,
26071,1,3,11291,4274,
26073,1,8,70572,11665,
26075,1,51,158989,36118,
26077,2,34,259830,51450,
26079,1,0,17358,4698,
26081,3,150,636376,115828,
26083,0,0,2136,907,
26085,0,0,11669,4182,
26087,1,10,88205,20857,
26089,0,0,21564,8279,
26091,2,0,98585,23897,
26093,2,8,186946,41663,
26095,1,0,6406,1804,
26097,1,0,10836,3817,
26099,4,122,864019,192977,
26101,1,0,24432,8002,
26103,2,30,67145,16470,
26105,1,6,28800,8675,
26107,1,4,43181,10289,
26109,0,0,23389,7186,
26111,1,26,83489,19242,
26113,0,0,14982,4031,
26115,1,0,149619,35206,
26117,4,12,62956,14301,
26119,0,0,9290,3665,
26121,1,37,172707,37993,
26123,1,9,47899,12202,
26125,12,409,1241860,273867,
26127,1,0,26317,7218,
26129,1,10,20979,6773,
26131,1,0,6072,2710,
26133,1,4,23221,6243,
26135,0,0,8304,2898,
26137,1,4,24247,6554,
26139,3,22,280243,54457,
26141,0,0,12854,5142,
26143,0,0,23934,9877,
26145,3,133,193803,47390,
26147,3,23,159761,38914,
26149,2,8,60890,14461,
26151,3,0,41535,11385,
26153,1,0,8114,2847,
26155,1,7,68617,16363,
26157,2,0,53569,14012,
26159,2,0,75190,18230,
26161,4,92,361509,65781,
26163,14,586,1763822,362535,
26165,1,6,32915,8300,
27001,1,4,15841,6467,
27003,1,35,344861,63313,
27005,1,8,33552,9157,
27007,2,10,45847,9482,
27009,0,0,39360,7326,
27011,2,0,5039,1693,
27013,1,29,65767,12070,
27015,3,0,25243,6857,
27017,2,6,35408,8198,
27019,1,25,98799,15454,
27021,1,0,28810,9475,
27023,1,0,12040,3359,
27025,1,10,54297,10806,
27027,0,0,62040,10982,
27029,1,0,8824,2327,
27031,1,0,5270,1941,
27033,2,0,11437,3290,
27035,2,16,63505,17980,
27037,2,12,414655,76445,
27039,0,0,20485,4015,
27041,1,8,36891,10617,
27043,1,4,13966,4173,
27045,0,0,20825,5688,
27047,1,18,30619,8707,
27049,2,4,46138,11621,
27051,1,0,5923,1742,
27053,8,311,1224763,229263,
27055,0,0,18709,5202,
27057,1,0,20743,6829,
27059,1,0,38584,8001,
27061,3,9,45237,13673,
27063,1,0,10104,2709,
27065,1,4,15948,4382,
27067,1,8,42577,10445,
27069,1,0,4384,1407,
27071,1,0,12776,3913,
27073,2,0,6840,2313,
27075,1,0,10578,3602,
27077,1,0,3841,1232,
27079,1,0,27810,6343,
27081,2,0,5724,1776,
27083,2,0,25789,5263,
27085,2,6,35816,8587,
27087,1,0,5500,1271,
27089,1,0,9397,2567,
27091,1,0,20084,5976,
27093,1,0,23105,6003,
27095,2,4,25635,6127,
27097,1,6,32880,8184,
27099,0,0,39386,9579,
27101,1,0,8394,2671,
27103,1,0,33477,6976,
27105,1,0,21854,4637,
27107,1,0,6589,1823,
27109,2,218,151685,29861,
27111,2,5,57790,17615,
27113,1,0,14197,3528,
27115,1,0,29057,7541,
27117,1,0,9229,2504,
27119,2,5,31564,7554,
27121,1,0,10932,3343,
27123,4,135,537893,102817,
27125,0,0,4017,1029,
27127,1,0,15430,4318,
27129,1,0,14798,4088,
27131,2,4,65251,13206,
27133,1,0,9433,2496,
27135,1,0,15537,3493,
27137,8,179,200294,50288,
27139,2,0,141463,20208,
27141,0,0,92024,13888,
27143,1,0,14888,3491,
27145,4,41,155300,30193,
27147,1,0,36612,8393,
27149,1,0,9759,2143,
27151,2,0,9448,2663,
27153,2,3,24423,6859,
27155,1,0,3357,1101,
27157,2,0,21490,5929,
27159,1,2,13626,3789,
27161,1,0,18898,4286,
27163,2,31,250979,49212,
27165,2,0,10936,2839,
27167,1,0,6398,1726,
27169,1,8,50992,10914,
27171,2,3,131130,22152,
27173,2,0,9930,2657,
28001,1,15,31583,7493,
28003,1,24,37242,8512,
28005,0,0,12574,3755,
28007,1,0,18731,4680,
28009,0,0,8306,2049,
28011,1,8,33121,6690,
28013,1,0,14617,3727,
28015,0,0,10221,2872,
28017,1,0,17305,3982,
28019,1,0,8360,2362,
28021,1,0,9106,1890,
28023,1,0,16089,4038,
28025,1,6,19990,4730,
28027,1,10,24296,4799,
28029,1,0,28748,6493,
28031,1,0,19172,4312,
28033,2,44,173267,29708,
28035,1,48,75835,13870,
28037,1,0,7772,2064,
28039,1,6,23545,4774,
28041,2,0,13801,2497,
28043,1,5,21379,4746,
28045,1,6,46277,11941,
28047,3,57,200491,38987,
28049,5,218,243249,44090,
28051,1,0,18267,3568,
28053,0,0,8678,1849,
28055,0,0,1296,285,
28057,0,0,23439,5355,
28059,1,48,141314,28610,
28061,1,0,16547,4371,
28063,1,0,7463,1641,
28065,1,0,11639,3162,
28067,1,14,68328,14853,
28069,1,0,10082,2367,
28071,1,24,52744,8639,
28073,1,17,60517,10854,
28075,4,51,78221,17686,
28077,1,0,12659,3005,
28079,1,0,22936,4515,
28081,1,42,84840,16183,
28083,1,9,30113,5674,
28085,1,5,34542,7781,
28087,1,18,59558,12035,
28089,1,7,102212,18766,
28091,1,6,25466,5805,
28093,1,0,35981,7858,
28095,2,9,35967,9309,
28097,1,0,10309,2723,
28099,3,0,29437,5993,
28101,0,0,21437,4496,
28103,1,0,10942,2193,
28105,1,6,49392,7290,
28107,1,0,34229,7047,
28109,2,6,55049,13434,
28111,0,0,12047,2963,
28113,2,28,39763,8664,
28115,1,0,31075,6065,
28117,1,11,25389,6023,
28119,1,0,7537,1751,
28121,4,18,149645,29151,
28123,2,0,28399,5665,
28125,1,0,4631,994,
28127,2,0,27215,6069,
28129,1,0,16114,3931,
28131,1,0,17981,3849,
28133,2,0,26915,4684,
28135,1,0,14552,2813,
28137,1,0,28333,5924,
28139,1,0,21993,4899,
28141,1,0,19476,5209,
28143,0,0,10276,1747,
28145,1,8,28202,6249,
28147,1,0,14670,3582,
28149,1,22,47510,10588,
28151,1,22,48002,9825,
28153,1,6,20458,4447,
28155,1,0,9868,2204,
28157,1,0,9084,2046,
28159,1,0,18482,4963,
28161,1,0,12426,3373,
28163,1,0,27496,4778,
29001,1,10,25437,4911,
29003,0,0,17358,4296,
29005,1,0,5335,1721,
29007,1,0,25763,6046,
29009,2,0,35398,9615,
29011,1,4,11942,3000,
29013,1,0,16405,4245,
29015,0,0,18918,7360,
29017,0,0,12347,3295,
29019,2,110,174589,28350,
29021,1,21,89425,18624,
29023,2,14,42826,10394,
29025,0,0,9046,2392,
29027,1,0,44793,9537,
29029,1,18,44855,15571,
29031,2,32,78013,16826,
29033,1,0,8909,2477,
29035,0,0,6255,1620,
29037,2,9,101888,22296,
29039,1,0,13862,3982,
29041,0,0,7586,2288,
29043,0,0,83028,16810,
29045,0,0,6807,1916,
29047,3,172,236068,44493,
29049,1,5,20495,4743,
29051,2,25,76749,16261,
29053,1,0,17620,4083,
29055,0,0,24387,5953,
29057,0,0,7581,2250,
29059,0,0,16441,4324,
29061,0,0,8300,2185,
29063,0,0,12564,2717,
29065,1,0,15566,4322,
29067,0,0,13391,3895,
29069,0,0,30905,7240,
29071,2,13,102413,22817,
29073,1,0,14769,4445,
29075,1,0,6688,1683,
29077,2,163,286759,60988,
29079,1,0,10111,2793,
29081,1,0,8615,2484,
29083,1,8,21834,5958,
29085,0,0,9352,3794,
29087,0,0,4499,1389,
29089,0,0,10144,2395,
29091,2,12,40139,9866,
29093,1,0,10286,2880,
29095,9,274,688554,136794,
29097,3,88,118522,23997,
29099,2,67,222639,44346,
29101,1,0,53941,8743,
29103,0,0,3976,1111,
29105,1,4,35488,8182,
29107,1,2,32655,8174,
29109,1,0,38131,9049,
29111,0,0,10078,2396,
29113,1,4,54800,9951,
29115,1,0,12248,3264,
29117,1,0,15025,3870,
29119,0,0,22753,4923,
29121,1,0,15319,4479,
29123,1,0,12226,3126,
29125,0,0,8959,2377,
29127,1,8,28703,6636,
29129,0,0,3669,1037,
29131,0,0,24947,6151,
29133,0,0,13916,3068,
29135,0,0,15904,3467,
29137,0,0,8676,2514,
29139,0,0,11618,3177,
29141,0,0,20097,6188,
29143,0,0,18030,4377,
29145,1,0,58237,13667,
29147,1,0,22744,4356,
29149,0,0,10779,3347,
29151,0,0,13610,3017,
29153,0,0,9328,3114,
29155,1,7,17344,3691,
29157,1,0,19135,4591,
29159,1,9,42309,9293,
29161,1,18,44873,9354,
29163,1,0,18517,4252,
29165,1,0,96899,18623,
29167,1,8,31347,7355,
29169,0,0,53132,6246,
29171,1,0,4846,1486,
29173,0,0,10208,2800,
29175,1,8,24987,5586,
29177,1,0,22859,5551,
29179,0,0,6361,1916,
29181,0,0,13807,3623,
29183,4,39,385115,74900,
29185,1,0,9396,3278,
29186,1,0,17882,4593,
29187,2,10,66248,14643,
29189,9,468,999539,235062,
29195,2,7,23010,5380,
29197,0,0,4450,1136,
29199,1,0,4883,1143,
29201,1,12,38858,9126,
29203,0,0,8273,2279,
29205,0,0,6084,1705,
29207,1,4,29634,7527,
29209,0,0,31529,12153,
29211,1,0,6382,1620,
29213,1,18,54308,14724,
29215,1,4,25714,6773,
29217,1,6,20665,5056,
29219,0,0,33554,8041,
29221,1,0,24968,5493,
29223,0,0,13369,3895,
29225,0,0,37558,7556,
29227,0,0,2053,630,
29229,0,0,18304,4787,
29510,3,207,314867,57543,
30001,1,0,9360,2739,
30003,2,0,13290,2252,
30005,1,0,6646,1338,
30007,1,0,5755,1828,
30009,1,0,10466,3544,
30011,1,0,1320,457,
30013,2,20,81816,19330,
30015,2,0,5812,1617,
30017,1,4,11895,3032,
30019,1,0,1788,529,
30021,1,3,9324,2324,
30023,1,0,9131,2878,
30025,1,0,2925,737,
30027,1,0,11327,3317,
30029,3,22,96147,24545,
30031,2,8,100733,17127,
30033,1,0,1086,310,
30035,2,0,13677,2288,
30037,0,0,747,281,
30039,1,0,3206,1229,
30041,1,6,16468,3176,
30043,0,0,11625,3437,
30045,0,0,1965,630,
30047,2,0,29518,8372,
30049,1,8,66290,16327,
30051,1,0,2245,724,
30053,1,0,19249,7031,
30055,1,0,1728,550,
30057,2,0,7902,3066,
30059,1,0,2000,578,
30061,1,0,4194,1542,
30063,2,32,114231,22759,
30065,1,0,4766,1594,
30067,1,4,16001,4577,
30069,0,0,453,141,
30071,1,0,4139,1155,
30073,1,0,6081,1684,
30075,0,0,1610,534,
30077,1,0,6852,1842,
30079,1,0,1325,462,
30081,1,5,41387,13513,
30083,1,0,11405,2372,
30085,3,0,11218,1796,
30087,1,1,9292,1891,
30089,1,0,11414,4282,
30091,1,0,3568,1075,
30093,1,11,34514,8536,
30095,1,0,9342,2685,
30097,1,0,3646,1290,
30099,1,0,6040,1756,
30101,1,0,5031,1261,
30103,0,0,790,262,
30105,1,0,7561,2163,
30107,1,0,2108,537,
30109,0,0,1121,380,
30111,2,41,156332,34804,
31001,1,10,31564,7465,
31003,1,0,6406,1958,
31005,0,0,421,112,
31007,0,0,728,184,
31009,0,0,502,164,
31011,1,0,5357,1632,
31013,1,0,11200,2881,
31015,1,0,2049,704,
31017,1,0,3058,1042,
31019,2,34,48834,9288,
31021,1,0,6546,2059,
31023,1,0,8105,2184,
31025,0,0,25513,5904,
31027,0,0,8561,2423,
31029,1,0,3803,1112,
31031,1,0,5792,1699,
31033,1,4,10012,2396,
31035,0,0,6264,1617,
31037,1,0,10616,1928,
31039,1,0,9039,2467,
31041,2,0,10836,3058,
31043,0,0,20529,3746,
31045,1,0,8972,2181,
31047,3,0,23925,4804,
31049,0,0,1901,600,
31051,0,0,5765,1552,
31053,1,0,36576,9091,
31055,8,187,549706,95539,
31057,1,0,2017,546,
31059,1,0,5603,1687,
31061,1,0,3019,1067,
31063,0,0,2624,840,
31065,1,0,4814,1514,
31067,1,3,21632,5923,
31069,1,0,1913,650,
31071,0,0,1958,734,
31073,0,0,2019,614,
31075,0,0,682,213,
31077,0,0,2436,760,
31079,1,16,61233,11885,
31081,1,0,9149,2394,
31083,1,0,3469,1149,
31085,0,0,957,294,
31087,0,0,2860,867,
31089,3,0,10293,2986,
31091,0,0,684,316,
31093,1,0,6385,1788,
31095,1,0,7276,2404,
31097,1,0,5200,1335,
31099,1,0,6547,1735,
31101,1,0,8129,2712,
31103,0,0,720,230,
31105,1,0,3688,1160,
31107,1,0,8496,2628,
31109,4,108,306357,55100,
31111,1,19,35569,8746,
31113,0,0,919,229,
31115,0,0,537,172,
31117,0,0,432,115,
31119,1,24,35062,7213,
31121,1,0,7829,2144,
31123,1,0,4903,1322,
31125,0,0,3569,1046,
31127,1,0,7041,1894,
31129,1,0,4318,1511,
31131,2,0,15875,4084,
31133,1,0,2704,885,
31135,1,0,2904,883,
31137,1,0,9163,2410,
31139,2,0,7175,1814,
31141,2,5,32875,7783,
31143,1,0,5244,1551,
31145,1,0,10870,2755,
31147,1,0,8045,2480,
31149,0,0,1381,505,
31151,2,0,14325,2883,
31153,2,8,175188,26946,
31155,1,0,20953,5028,
31157,1,22,36509,9022,
31159,1,0,17045,3968,
31161,1,0,5241,1703,
31163,0,0,3048,1003,
31165,0,0,1256,415,
31167,0,0,6020,1401,
31169,1,0,5133,1792,
31171,0,0,643,195,
31173,1,0,7055,1213,
31175,1,0,4252,1353,
31177,1,0,20414,4635,
31179,1,0,9409,1963,
31181,1,0,3597,1110,
31183,0,0,846,289,
31185,2,0,13832,3577,
32001,1,0,24022,5694,
32003,19,535,2112436,405618,
32005,1,0,47632,16331,
32007,1,7,52377,8008,
32009,0,0,1102,386,
32011,0,0,1728,452,
32013,1,3,17088,3163,
32015,1,0,5887,1155,
32017,1,0,5203,1418,
32019,1,0,52303,14565,
32021,1,0,4471,1341,
32023,1,0,43296,15960,
32027,1,0,6661,1468,
32029,0,0,3891,1510,
32031,5,331,445551,95558,
32033,1,0,9858,2291,
32510,1,24,54219,14410,
33001,1,10,60383,17260,
33003,2,8,47524,16281,
33005,1,27,76109,19389,
33007,3,3,32119,9795,
33009,5,54,89280,23734,
33011,5,62,406371,84563,
33013,3,18,147958,34833,
33015,3,43,302479,69798,
33017,2,17,126552,25034,
33019,1,0,43073,11885,
34001,2,64,272926,62613,
34003,6,147,937920,211672,
34005,3,82,449192,98530,
34007,4,199,510996,104370,
34009,1,16,94549,31925,
34011,1,36,154952,30141,
34013,7,267,800401,146732,
34015,1,14,291372,60833,
34017,6,105,679756,109974,
34019,1,12,125717,30279,
34021,4,92,373362,75299,
34023,5,185,837288,164627,
34025,5,152,627551,142622,
34027,3,91,498847,110520,
34029,4,106,589699,167321,
34031,2,97,510563,98279,
34033,2,19,63776,15640,
34035,1,28,333316,67698,
34037,1,10,143570,32694,
34039,3,80,557320,106249,
34041,2,20,107088,24579,
35001,5,138,674855,140933,
35003,0,0,3547,1793,
35005,2,24,65454,13924,
35006,2,4,27049,5804,
35007,1,4,12522,4281,
35009,1,8,50283,8363,
35011,0,0,2016,480,
35013,2,51,213849,41981,
35015,2,12,56793,11808,
35017,1,6,28382,9026,
35019,1,0,4426,1149,
35021,0,0,546,259,
35023,0,0,4446,1233,
35025,2,8,69505,10775,
35027,1,4,19497,6880,
35028,1,6,18031,4309,
35029,1,6,24319,6445,
35031,4,5,72849,11923,
35033,0,0,4605,1391,
35035,2,10,65130,14360,
35037,1,0,8447,2671,
35039,1,8,39455,9932,
35041,1,0,19313,3425,
35043,1,0,138815,30925,
35045,2,10,128221,23922,
35047,1,8,28203,7333,
35049,3,22,147514,42681,
35051,1,0,11254,4961,
35053,1,0,17098,4106,
35055,1,6,32809,10333,
35057,0,0,15534,4251,
35059,1,0,4216,1032,
35061,0,0,75845,17086,
36001,3,120,308580,67673,
36003,2,6,47400,11338,
36005,6,270,1455846,243010,
36007,2,47,196124,47891,
36009,1,0,78175,19443,
36011,1,14,78319,19140,
36013,3,26,130846,33458,
36015,2,20,86883,21007,
36017,1,7,48763,12688,
36019,1,21,81224,17868,
36021,1,9,61481,18429,
36023,1,12,48334,10162,
36025,3,0,45950,14201,
36027,2,51,295685,66971,
36029,6,262,923995,216391,
36031,1,0,38233,11100,
36033,2,13,51054,11559,
36035,1,8,53955,13782,
36037,1,10,58537,13935,
36039,0,0,47791,13422,
36041,0,0,4646,1721,
36043,1,0,62943,16310,
36045,3,10,116567,19760,
36047,12,318,2635121,476741,
36049,1,6,26845,6305,
36051,1,0,64373,14878,
36053,2,6,71760,16941,
36055,5,191,748680,166403,
36057,1,8,49500,11948,
36059,10,461,1363069,318040,
36061,12,761,1653877,344283,
36063,3,32,212675,52917,
36065,3,51,232324,56184,
36067,3,152,467669,103054,
36069,3,27,109491,27978,
36071,4,76,378174,70347,
36073,1,0,41584,9631,
36075,1,8,119833,25826,
36077,2,14,60750,16165,
36079,1,10,99464,22683,
36081,6,129,2339280,470619,
36083,3,12,159800,35905,
36085,2,114,475948,101941,
36087,3,39,325027,66379,
36089,5,20,110817,24432,
36091,1,19,226632,52232,
36093,2,36,155239,34957,
36095,1,0,31611,8559,
36097,1,0,18112,4831,
36099,0,0,34843,8362,
36101,3,8,97539,24270,
36103,10,281,1497595,326104,
36105,2,10,75783,18426,
36107,0,0,49322,12444,
36109,1,16,104415,18998,
36111,3,25,180129,45203,
36113,1,24,64701,17940,
36115,0,0,62183,15438,
36117,1,8,91442,22194,
36119,9,179,975321,214443,
36121,1,5,40886,9523,
36123,1,0,25083,6750,
37001,1,20,157844,35388,
37003,0,0,37159,9162,
37005,1,0,10935,3618,
37007,1,0,25531,5848,
37009,1,0,26833,8552,
37011,1,0,17535,4821,
37013,1,8,47316,14046,
37015,1,0,19913,5537,
37017,1,4,34130,9534,
37019,2,19,122586,46285,
37021,1,166,252268,64710,
37023,1,16,88898,23258,
37025,1,25,196716,35521,
37027,1,12,81805,20816,
37029,0,0,10336,2164,
37031,1,8,68699,21116,
37033,0,0,22833,6116,
37035,2,52,156182,35455,
37037,1,4,68364,20511,
37039,1,0,27463,9952,
37041,1,4,14370,4452,
37043,0,0,10753,4115,
37045,2,57,97038,23687,
37047,1,10,56589,14110,
37049,1,72,103374,24450,
37051,1,48,332766,52166,
37053,0,0,25247,5686,
37055,1,0,35412,9885,
37057,2,29,164118,37797,
37059,1,0,41766,11078,
37061,1,9,59350,13785,
37063,3,148,300865,51648,
37065,1,15,54032,13212,
37067,3,259,368362,76042,
37069,0,0,63866,14275,
37071,1,74,214049,46215,
37073,0,0,11601,2897,
37075,0,0,8607,2550,
37077,1,6,58503,13167,
37079,0,0,21059,4490,
37081,2,142,517197,102558,
37083,2,16,52300,13866,
37085,1,14,128753,21027,
37087,1,12,59854,18819,
37089,2,27,112156,35451,
37091,1,10,24262,6311,
37093,1,0,52571,7093,
37095,0,0,5507,1276,
37097,3,36,169798,34692,
37099,1,9,41725,10654,
37101,1,24,186308,33619,
37103,0,0,9776,2653,
37105,1,8,59805,12481,
37107,1,14,57934,14708,
37109,1,10,80504,18644,
37111,1,9,45069,11491,
37113,2,5,34160,12106,
37115,0,0,21347,6084,
37117,1,6,23227,6835,
37119,7,173,1034290,156489,
37121,1,0,15155,4846,
37123,1,0,27445,7131,
37125,1,68,94191,28522,
37127,1,21,94125,22363,
37129,2,57,219866,48907,
37131,0,0,20426,6480,
37133,1,14,192685,22983,
37135,1,13,141812,25896,
37137,0,0,12803,4684,
37139,1,10,39546,8584,
37141,1,0,57630,13694,
37143,0,0,13506,4652,
37145,1,6,39240,9982,
37147,1,71,176484,30269,
37149,1,6,20434,7657,
37151,1,12,142827,32782,
37153,0,0,45447,10922,
37155,1,25,134187,26448,
37157,1,9,91566,24175,
37159,1,20,138940,31195,
37161,1,18,66523,18012,
37163,1,8,63664,14291,
37165,1,8,35445,8246,
37167,1,10,60875,14861,
37169,1,0,46124,12165,
37171,2,10,72315,18749,
37173,2,0,14208,3584,
37175,1,4,33291,12332,
37177,0,0,4090,1372,
37179,1,14,222095,36152,
37181,1,20,44420,10563,
37183,4,175,1023811,157546,
37185,0,0,20190,6367,
37187,1,0,12331,3689,
37189,1,10,53421,11059,
37191,1,16,124496,26321,
37193,1,8,68525,18236,
37195,1,14,81379,19331,
37197,0,0,37825,9707,
37199,0,0,17605,5605,
38001,1,0,2368,743,
38003,1,0,10971,3118,
38005,0,0,6875,1327,
38007,0,0,983,250,
38009,1,0,6651,2058,
38011,1,0,3226,933,
38013,0,0,2253,513,
38015,2,72,92372,18957,
38017,2,111,170620,27710,
38019,1,0,3817,1265,
38021,1,0,5041,1425,
38023,1,0,2378,830,
38025,0,0,4349,1079,
38027,0,0,2321,667,
38029,1,0,3389,1194,
38031,1,0,3318,956,
38033,0,0,1892,514,
38035,2,26,70130,11680,
38037,1,0,2387,877,
38039,1,0,2276,851,
38041,0,0,2601,875,
38043,0,0,2457,675,
38045,0,0,4106,1302,
38047,0,0,1932,723,
38049,0,0,5951,1606,
38051,2,0,2680,1056,
38053,1,0,11679,1663,
38055,2,0,9607,2983,
38057,1,0,8637,2209,
38059,0,0,30059,6275,
38061,1,0,9986,1616,
38063,1,0,2971,1067,
38065,0,0,1822,608,
38067,1,0,7050,2133,
38069,1,0,4272,1309,
38071,1,0,11574,2909,
38073,1,0,5411,1514,
38075,0,0,2543,613,
38077,0,0,16333,3866,
38079,2,0,14657,2206,
38081,0,0,3883,1148,
38083,0,0,1403,498,
38085,1,0,4420,542,
38087,0,0,674,232,
38089,1,4,30316,5319,
38091,0,0,1915,604,
38093,1,6,21058,5310,
38095,1,0,2258,735,
38097,2,0,8050,2056,
38099,2,0,10920,2923,
38101,2,19,69628,11458,
38103,1,0,4089,1423,
38105,2,0,32916,4852,
39001,1,0,27926,6379,
39003,4,62,104157,24080,
39005,1,6,53299,12790,
39007,4,19,98622,25127,
39009,1,0,65563,11147,
39011,1,6,45778,10738,
39013,2,15,68889,18587,
39015,0,0,43799,10056,
39017,4,74,375702,73222,
39019,0,0,27825,7474,
39021,1,0,39005,9346,
39023,2,38,135520,33970,
39025,1,16,202166,43133,
39027,1,6,41869,9347,
39029,2,20,104584,27542,
39031,1,7,36602,9240,
39033,2,9,42231,11322,
39035,15,680,1257401,297844,
39037,1,6,51919,13217,
39039,3,8,38311,9084,
39041,1,6,193024,34052,
39043,1,18,75369,20550,
39045,1,20,151526,31843,
39047,1,6,28659,6536,
39049,10,449,1253507,205767,
39051,1,7,42296,9768,
39053,1,14,30203,7248,
39055,1,12,93895,23672,
39057,2,20,164825,36821,
39059,1,11,39414,10004,
39061,8,297,808703,169087,
39063,1,34,75508,16816,
39065,1,0,31576,6608,
39067,1,0,15397,4297,
39069,1,5,27463,6575,
39071,2,0,43031,10469,
39073,1,4,28547,7036,
39075,1,4,43808,7689,
39077,2,12,58497,13292,
39079,1,4,32624,7195,
39081,1,20,67349,18775,
39083,1,12,60945,14197,
39085,1,27,229701,58488,
39087,1,0,61057,14970,
39089,1,38,170678,36737,
39091,1,6,45323,11070,
39093,4,75,305405,71677,
39095,7,251,433404,92861,
39097,1,13,43732,8744,
39099,3,67,231857,62316,
39101,1,15,65483,15039,
39103,2,12,176362,40244,
39105,0,0,23234,5978,
39107,1,5,40723,9546,
39109,1,10,104081,25472,
39111,0,0,14239,4128,
39113,4,196,531987,124285,
39115,0,0,14773,4162,
39117,1,3,34935,8133,
39119,1,48,85933,20112,
39121,0,0,14498,4882,
39123,1,4,40769,12744,
39125,1,0,18951,4622,
39127,0,0,35983,8197,
39129,1,8,57075,11657,
39131,1,0,28291,6786,
39133,1,16,162080,34412,
39135,0,0,41328,9917,
39137,0,0,34037,7762,
39139,3,37,121533,30674,
39141,1,12,77125,16764,
39143,2,18,59559,14131,
39145,2,16,76871,17977,
39147,2,9,55549,13111,
39149,1,7,48902,10525,
39151,3,128,374273,94437,
39153,4,170,541318,126698,
39155,2,42,203341,55450,
39157,2,38,92531,23202,
39159,1,7,54688,8714,
39161,1,5,28262,6946,
39163,0,0,13142,2934,
39165,1,57,223868,42520,
39167,2,11,60871,16090,
39169,2,14,115915,26488,
39171,2,7,37061,9106,
39173,1,10,129504,25640,
39175,1,5,22190,5467,
40001,1,0,22136,4650,
40003,0,0,5877,1503,
40005,1,0,13899,3468,
40007,1,0,5445,1333,
40009,1,6,22971,4406,
40011,2,0,9680,2357,
40013,1,8,45068,10589,
40015,2,0,29437,6475,
40017,1,8,132922,23558,
40019,2,13,48407,10584,
40021,2,30,48404,10095,
40023,1,0,14979,3990,
40025,1,0,2221,693,
40027,1,77,274024,47856,
40029,1,0,5666,1536,
40031,3,58,123066,20343,
40033,0,0,6000,1584,
40035,1,0,14563,3706,
40037,3,0,70899,16589,
40039,2,4,29169,5338,
40041,1,6,41878,13064,
40043,1,0,4904,1226,
40045,1,0,4102,1162,
40047,2,30,62421,13092,
40049,1,0,27751,6609,
40051,1,9,54351,11298,
40053,0,0,4458,1263,
40055,1,0,6018,1349,
40057,1,0,2758,720,
40059,1,0,3843,963,
40061,1,0,12746,3332,
40063,1,0,13519,3354,
40065,1,6,25574,4799,
40067,1,0,6270,1681,
40069,1,0,11039,2703,
40071,2,6,45173,11238,
40073,1,0,15510,3176,
40075,1,0,9127,2493,
40077,1,0,10621,2798,
40079,1,4,49860,11673,
40081,2,0,34759,8429,
40083,1,0,45326,9257,
40085,1,0,9843,2454,
40087,1,0,37919,7891,
40089,1,0,33026,7755,
40091,0,0,19874,6489,
40093,1,0,7730,2064,
40095,1,0,16226,4545,
40097,1,0,40929,10002,
40099,1,0,13797,3407,
40101,1,24,69471,15273,
40103,1,0,11421,2862,
40105,1,0,10448,2710,
40107,1,0,12160,2764,
40109,19,300,774203,140665,
40111,2,0,39121,9272,
40113,2,0,47350,11772,
40115,1,9,31725,7607,
40117,1,0,16448,4188,
40119,2,11,80634,13033,
40121,1,15,44673,11478,
40123,2,12,38289,8264,
40125,1,14,71614,15322,
40127,1,0,11132,3171,
40129,1,0,3734,894,
40131,2,6,90098,19479,
40133,1,0,25246,5943,
40135,1,0,41364,9667,
40137,1,9,44293,10951,
40139,1,0,21409,3404,
40141,0,0,7591,1985,
40143,12,379,637123,120771,
40145,1,6,76830,16229,
40147,1,8,51867,12914,
40149,1,0,11550,2659,
40151,1,0,9132,2000,
40153,1,6,21140,4043,
41001,1,2,15980,5273,
41003,1,12,88249,18413,
41005,3,54,399962,94656,
41007,2,4,38021,10800,
41009,0,0,50207,13196,
41011,3,12,62921,21217,
41013,1,0,21717,7028,
41015,1,0,22377,9463,
41017,2,36,175321,45371,
41019,2,32,107576,35360,
41021,0,0,1910,674,
41023,1,0,7209,2694,
41025,1,2,7195,2275,
41027,1,0,22938,4867,
41029,3,50,212070,60113,
41031,1,0,22707,5825,
41033,1,12,84514,28339,
41035,1,0,66018,18095,
41037,1,0,7807,2505,
41039,5,67,363471,90330,
41041,2,0,47307,17261,
41043,2,11,121074,29548,
41045,1,8,30421,6727,
41047,3,68,330453,68700,
41049,1,0,11153,2515,
41051,6,165,788459,143926,
41053,1,0,79666,18539,
41055,0,0,1635,536,
41057,1,4,25840,8856,
41059,2,3,76736,15752,
41061,1,4,25810,6683,
41063,1,0,6864,2625,
41065,1,17,25687,6940,
41067,4,85,572071,100693,
41069,0,0,1415,629,
41071,2,11,102366,22508,
42001,1,8,101589,26312,
42003,15,580,1229605,303430,
42005,1,12,66737,18721,
42007,1,20,168161,45796,
42009,1,4,48891,14259,
42011,3,71,415500,93051,
42013,3,50,124736,33231,
42015,3,42,61546,16679,
42017,7,90,626486,151809,
42019,1,35,185984,44846,
42021,2,30,135871,39200,
42023,0,0,4754,1626,
42025,2,13,63987,17239,
42027,1,0,160646,29386,
42029,5,93,514652,109411,
42031,1,7,38747,9831,
42033,2,27,80539,21111,
42035,2,10,39321,9199,
42037,2,22,66615,16359,
42039,2,16,86847,22995,
42041,2,45,245801,58099,
42043,2,142,273329,61034,
42045,4,100,563384,123831,
42047,1,0,30781,8608,
42049,4,88,277794,63334,
42051,2,15,133160,36302,
42053,0,0,7388,1971,
42055,2,24,153003,38030,
42057,1,0,14631,3928,
42059,1,0,37338,9105,
42061,1,7,45686,11826,
42063,1,12,86551,21114,
42065,2,5,44258,11961,
42067,0,0,24448,6272,
42069,3,51,211960,54892,
42071,3,64,536494,122633,
42073,2,18,88231,25000,
42075,1,18,137616,34280,
42077,3,143,360774,80015,
42079,3,71,318222,82489,
42081,3,32,115398,28691,
42083,1,5,42070,10418,
42085,4,45,113623,31083,
42087,1,10,46452,12596,
42089,2,44,167306,37614,
42091,11,215,818677,190034,
42093,1,42,18302,5047,
42095,4,64,300941,74273,
42097,1,6,93038,24903,
42099,0,0,45878,11279,
42101,15,528,1569657,287348,
42103,0,0,55687,15643,
42105,1,4,17070,5099,
42107,2,16,144287,38502,
42109,0,0,40570,9628,
42111,3,14,75619,21498,
42113,0,0,6192,2237,
42115,2,4,41716,11975,
42117,1,6,41550,11363,
42119,1,12,45056,10058,
42121,1,8,52880,15253,
42123,1,6,40345,11948,
42125,4,50,207661,55472,
42127,1,8,51656,15447,
42129,3,51,356835,103773,
42131,1,6,27760,7271,
42133,5,60,442216,99386,
44001,0,0,49028,12397,
44003,1,15,164012,40477,
44005,1,10,83204,22925,
44007,6,237,633704,128527,
44009,2,17,126190,33367,
45001,1,6,24788,7042,
45003,1,35,165707,41209,
45005,1,0,9402,2374,
45007,1,40,194174,45832,
45009,0,0,14842,3897,
45011,0,0,21788,4999,
45013,2,24,179316,56939,
45015,0,0,204632,37127,
45017,0,0,14808,4258,
45019,6,221,387847,82073,
45021,1,12,56549,12263,
45023,1,6,32424,7881,
45025,1,6,46127,10606,
45027,1,6,34156,10223,
45029,1,8,37581,9996,
45031,2,12,67572,16204,
45033,1,6,31073,6605,
45035,0,0,151716,28002,
45037,1,0,26620,6610,
45039,0,0,22868,6384,
45041,3,98,138537,30487,
45043,1,10,61065,20484,
45045,6,137,490332,100264,
45047,1,30,69981,16269,
45049,1,6,20066,4776,
45051,4,100,310186,90290,
45053,1,4,27465,6289,
45055,1,10,63734,15574,
45057,1,20,86544,22468,
45059,1,8,66508,16065,
45061,0,0,17897,4150,
45063,2,55,281870,59280,
45065,0,0,9694,3905,
45067,1,10,31765,8483,
45069,0,0,27505,6373,
45071,1,7,37914,9371,
45073,1,12,75926,22702,
45075,1,20,89116,22393,
45077,2,15,121449,25531,
45079,3,211,404869,68651,
45081,0,0,20228,4901,
45083,1,39,297732,63159,
45085,1,17,107379,22798,
45087,1,6,27772,7465,
45089,1,4,32256,8243,
45091,1,24,251664,48997,
46003,0,0,2739,732,
46005,1,6,18163,4501,
46007,1,0,3440,601,
46009,2,0,6972,1925,
46011,1,0,33697,5479,
46013,2,10,38637,8651,
46015,1,0,5280,1351,
46017,0,0,2048,240,
46019,0,0,10194,2751,
46021,0,0,1443,487,
46023,2,0,9319,2183,
46025,0,0,3642,1071,
46027,1,0,13907,2187,
46029,1,8,27963,6325,
46031,0,0,4177,665,
46033,1,0,8519,3144,
46035,1,8,19753,4889,
46037,1,0,5524,1761,
46039,1,0,4282,1232,
46041,1,0,5709,776,
46043,1,0,2940,884,
46045,1,0,3971,1113,
46047,1,0,6783,2370,
46049,1,0,2327,716,
46051,1,0,7133,2044,
46053,2,0,4209,1353,
46055,1,0,2084,605,
46057,0,0,5911,1301,
46059,1,0,3303,1048,
46061,0,0,3404,758,
46063,0,0,1281,338,
46065,1,6,17572,4017,
46067,2,0,7277,2187,
46069,0,0,1373,424,
46071,0,0,3275,660,
46073,1,0,2034,670,
46075,0,0,740,252,
46077,1,0,5000,1532,
46079,1,0,12350,3478,
46081,2,5,25018,6595,
46083,2,0,53147,8390,
46085,0,0,3882,850,
46087,0,0,5515,1423,
46089,1,0,2366,820,
46091,1,0,4759,1287,
46093,1,3,27066,5515,
46095,0,0,2062,457,
46097,0,0,2255,606,
46099,4,54,183660,32585,
46101,1,0,6496,1527,
46102,0,0,14291,1355,
46103,3,38,108126,24271,
46105,0,0,2964,874,
46107,1,0,2318,860,
46109,1,0,10250,2568,
46111,0,0,2366,686,
46115,1,0,6478,1753,
46117,0,0,2994,852,
46119,0,0,1390,375,
46121,1,0,10016,1102,
46123,1,0,5480,1628,
46125,1,0,8242,2273,
46127,1,0,14929,3448,
46129,1,4,5502,1683,
46135,1,10,22660,5565,
46137,0,0,2837,347,
47001,1,25,75538,19563,
47003,1,8,46854,9596,
47005,1,0,16154,4936,
47007,1,0,14413,3372,
47009,1,16,127135,32770,
47011,1,27,103666,22968,
47013,2,10,39824,10474,
47015,1,0,13839,3426,
47017,1,6,28137,7284,
47019,1,8,56500,15434,
47021,1,0,39713,7818,
47023,0,0,17097,3805,
47025,1,5,31566,8189,
47027,1,0,7684,2417,
47029,1,5,35262,9766,
47031,2,14,54074,12449,
47033,0,0,14554,3458,
47035,1,12,58178,21229,
47037,9,614,678322,113356,
47039,1,0,11681,3532,
47041,1,4,19380,4748,
47043,1,6,51341,10824,
47045,1,10,37751,8344,
47047,0,0,39336,10782,
47049,0,0,17940,5028,
47051,1,10,41397,10550,
47053,1,3,49222,11692,
47055,1,6,29024,7499,
47057,0,0,22942,6025,
47059,1,6,68520,18918,
47061,0,0,13359,3484,
47063,1,20,63465,14917,
47065,3,215,354589,81748,
47067,1,0,6605,1714,
47069,1,0,25784,6150,
47071,1,0,25813,7483,
47073,1,6,56402,14964,
47075,0,0,17944,4298,
47077,1,0,27889,6460,
47079,1,6,32263,9544,
47081,1,0,24502,5677,
47083,1,0,8188,2113,
47085,1,0,18281,4794,
47087,0,0,11573,3398,
47089,1,6,52887,13602,
47091,1,0,17846,5169,
47093,4,254,452286,93686,
47095,0,0,7588,1586,
47097,1,0,26497,5499,
47099,1,6,42591,9973,
47101,0,0,11944,3517,
47103,1,7,33543,8761,
47105,1,5,51024,16724,
47107,1,4,52569,13164,
47109,0,0,25945,6985,
47111,1,0,23239,5106,
47113,1,76,97887,21289,
47115,0,0,28355,7204,
47117,1,0,31753,7297,
47119,1,65,87606,18777,
47121,0,0,11830,3343,
47123,1,0,45698,12263,
47125,1,21,192120,25156,
47127,0,0,6302,1856,
47129,0,0,21639,5004,
47131,1,7,30659,7883,
47133,1,6,21995,5857,
47135,1,0,7882,2130,
47137,0,0,5071,1699,
47139,0,0,16722,4308,
47141,1,38,75565,16721,
47143,1,3,32478,7787,
47145,1,6,52926,15778,
47147,1,8,68575,13369,
47149,3,78,298456,42641,
47151,1,0,21949,4657,
47153,0,0,14654,3703,
47155,1,16,95523,23741,
47157,6,277,937847,169553,
47159,1,2,19279,4324,
47161,0,0,13248,3586,
47163,3,103,156519,44012,
47165,2,38,175730,36997,
47167,1,7,61434,11660,
47169,1,0,8773,1811,
47171,1,0,17830,5164,
47173,0,0,19176,4587,
47175,0,0,5675,1717,
47177,1,8,40210,9356,
47179,2,76,126437,29936,
47181,1,0,16713,4139,
47183,1,6,33776,8009,
47185,1,4,26394,7108,
47187,1,28,212161,37356,
47189,1,12,128874,27113,
48001,1,10,57747,11434,
48003,1,0,17577,2585,
48005,2,29,87700,18271,
48007,0,0,24832,8314,
48009,0,0,8793,2350,
48011,0,0,1929,516,
48013,1,6,48139,9558,
48015,1,0,29292,7305,
48017,1,0,7098,1519,
48019,0,0,21316,7519,
48021,1,0,80306,16787,
48023,1,27,3602,1088,
48025,1,8,32729,5168,
48027,3,90,336506,47766,
48029,13,648,1892004,307269,
48031,0,0,11089,3806,
48033,0,0,602,171,
48035,1,0,17955,5546,
48037,2,82,93635,20099,
48039,3,16,345995,57101,
48041,4,48,214231,26525,
48043,1,3,9220,2537,
48045,0,0,1591,477,
48047,0,0,7251,1388,
48049,1,12,37787,9428,
48051,1,0,17596,4934,
48053,2,12,45017,12977,
48055,1,0,40544,7589,
48057,1,6,21821,4869,
48059,0,0,13660,3649,
48061,4,104,420201,71392,
48063,1,0,12670,3038,
48065,0,0,6033,1413,
48067,0,0,30118,8380,
48069,1,0,7891,1688,
48071,2,0,39283,6340,
48073,2,0,51594,11992,
48075,1,0,7064,1464,
48077,1,0,10369,3112,
48079,1,0,2932,583,
48081,0,0,3238,1085,
48083,1,0,8422,2576,
48085,11,195,914075,135322,
48087,1,0,3026,771,
48089,2,4,20913,6209,
48091,1,12,129100,32206,
48093,1,0,13492,4297,
48095,1,0,3858,883,
48097,2,5,39064,9693,
48099,1,4,75818,9667,
48101,0,0,1498,465,
48103,1,0,4836,798,
48105,0,0,3836,907,
48107,1,0,5895,1379,
48109,1,0,2257,586,
48111,1,0,7207,1139,
48113,24,614,2552213,377154,
48115,1,0,13095,2510,
48117,1,0,18947,3234,
48119,0,0,5172,1497,
48121,10,81,781321,106598,
48123,1,0,20474,5292,
48125,0,0,2224,661,
48127,1,0,10822,2302,
48129,0,0,3433,1073,
48131,0,0,11434,2513,
48133,1,0,18278,5417,
48135,2,50,155744,21622,
48137,0,0,2111,758,
48139,2,18,164092,29137,
48141,9,203,834825,133011,
48143,1,5,41016,7785,
48145,1,0,17289,4004,
48147,1,2,33787,8521,
48149,1,0,24963,7816,
48151,1,0,3875,1176,
48153,1,0,5953,1439,
48155,0,0,1414,454,
48157,6,128,711421,107897,
48159,0,0,10639,2950,
48161,1,0,19646,5012,
48163,1,0,19110,3334,
48165,1,0,19889,2513,
48167,1,26,321184,62311,
48169,0,0,6739,1035,
48171,1,10,25939,9675,
48173,0,0,1420,324,
48175,0,0,7510,2153,
48177,1,0,20558,4490,
48179,1,8,22962,4745,
48181,3,62,126146,29807,
48183,2,66,123402,24309,
48185,1,0,27358,6472,
48187,1,9,150889,27355,
48189,1,5,34527,6124,
48191,0,0,3102,955,
48193,1,0,8220,2691,
48195,1,0,5532,1099,
48197,2,0,3990,1077,
48199,0,0,55993,12351,
48201,34,918,4525519,651673,
48203,0,0,66606,14535,
48205,0,0,5821,1074,
48207,1,0,5806,1740,
48209,3,42,194843,29297,
48211,1,0,4152,734,
48213,1,10,79687,22345,
48215,6,271,839539,119536,
48217,1,5,35098,9352,
48219,1,0,23273,4565,
48221,1,12,55418,17518,
48223,1,10,35929,8258,
48225,1,0,22849,6319,
48227,1,8,36491,6475,
48229,0,0,3702,822,
48231,1,23,90322,19359,
48233,1,4,21704,4709,
48235,0,0,1592,422,
48237,1,0,8839,1896,
48239,1,0,14756,3317,
48241,1,6,35444,8797,
48243,0,0,2236,965,
48245,3,88,254574,49559,
48247,0,0,5262,1372,
48249,1,8,41318,8333,
48251,3,35,160173,30241,
48253,2,0,19969,3893,
48255,1,0,15051,2900,
48257,1,8,114852,19451,
48259,0,0,40306,10163,
48261,0,0,564,89,
48263,0,0,680,229,
48265,1,12,50761,17362,
48267,1,0,4432,1738,
48269,0,0,289,32,
48271,0,0,3631,854,
48273,1,10,31540,5398,
48275,1,0,3753,948,
48277,1,20,49401,12011,
48279,1,0,13368,2865,
48281,1,0,20473,5172,
48283,0,0,7418,1516,
48285,2,3,19859,6001,
48287,0,0,16850,4236,
48289,0,0,16966,5181,
48291,2,0,79884,14641,
48293,2,6,23480,5738,
48295,0,0,3495,732,
48297,0,0,12043,3164,
48299,1,0,20195,9184,
48301,0,0,74,29,
48303,4,267,298042,49312,
48305,1,0,5785,1293,
48307,1,0,8145,2448,
48309,2,54,245720,46694,
48311,0,0,600,185,
48313,1,0,13979,2846,
48315,0,0,10140,3384,
48317,1,0,5547,899,
48319,0,0,4122,1351,
48321,2,6,36744,8504,
48323,1,10,57471,8834,
48325,1,0,48548,10696,
48327,0,0,2123,708,
48329,1,48,159883,24676,
48331,1,0,24479,6636,
48333,0,0,4887,1716,
48335,1,0,8774,1647,
48337,1,0,19406,5647,
48339,6,97,535187,96577,
48341,1,3,22016,3264,
48343,0,0,12530,3505,
48345,0,0,1114,354,
48347,2,27,65411,11946,
48349,1,9,48239,10925,
48351,0,0,14187,3871,
48353,1,5,14990,3544,
48355,3,115,358484,68411,
48357,1,0,10484,1503,
48359,0,0,2083,388,
48361,0,0,83909,17601,
48363,1,8,28109,7221,
48365,1,0,23574,5727,
48367,1,20,125963,26729,
48369,1,0,9871,1826,
48371,2,0,15804,2754,
48373,1,8,46974,12746,
48375,3,99,121230,19850,
48377,0,0,7191,1986,
48379,0,0,11246,3375,
48381,0,0,130552,25788,
48383,1,0,3735,608,
48385,0,0,3358,1378,
48387,0,0,12353,3684,
48389,1,0,14791,2482,
48391,1,0,7293,1985,
48393,0,0,889,255,
48395,0,0,16727,4255,
48397,1,6,90414,14954,
48399,2,0,10266,2816,
48401,1,0,53026,11467,
48403,1,0,10429,3930,
48405,1,0,8403,2707,
48407,0,0,27436,7726,
48409,1,0,66867,12717,
48411,0,0,5851,1673,
48413,1,0,3122,711,
48415,1,0,17346,3440,
48417,0,0,3348,781,
48419,0,0,25689,5778,
48421,0,0,3067,630,
48423,4,194,222277,47438,
48425,1,0,8650,2134,
48427,1,0,63420,9636,
48429,1,0,9365,2425,
48431,0,0,1139,217,
48433,1,0,1084,369,
48435,1,0,3894,904,
48437,1,0,7541,1817,
48439,22,409,1983675,306980,
48441,2,110,135371,25874,
48443,0,0,721,282,
48445,1,0,12755,2635,
48447,1,0,1541,518,
48449,1,8,32664,6098,
48451,2,29,116906,23527,
48453,10,294,1176584,160972,
48455,0,0,14481,5058,
48457,1,0,21456,5960,
48459,0,0,40506,9637,
48461,2,0,3575,636,
48463,1,6,27015,6046,
48465,1,7,48976,9283,
48467,1,0,53607,14526,
48469,2,43,91518,19189,
48471,1,6,70818,11996,
48473,0,0,48443,7862,
48475,1,0,11498,2149,
48477,1,5,34667,9303,
48479,2,56,269624,34315,
48481,1,4,41430,9080,
48483,2,0,5599,1286,
48485,3,24,131778,25521,
48487,1,0,12972,2900,
48489,0,0,21839,3957,
48491,6,90,508313,81426,
48493,1,4,47205,10123,
48495,1,0,7777,1204,
48497,1,21,63247,13012,
48499,2,0,43315,14771,
48501,1,0,8481,1306,
48503,2,0,18166,4758,
48505,0,0,14415,2414,
48507,0,0,12152,2252,
49001,2,0,6414,1215,
49003,2,0,52182,9213,
49005,2,14,120288,15104,
49007,1,6,20512,4558,
49009,0,0,702,156,
49011,3,22,334977,45623,
49013,1,4,20259,3119,
49015,0,0,10410,2278,
49017,1,0,5020,1314,
49019,1,0,9544,2258,
49021,1,6,48504,7853,
49023,1,0,10694,1708,
49025,1,0,7246,2156,
49027,2,0,12651,2764,
49029,0,0,11014,1842,
49031,0,0,1860,657,
49033,0,0,2307,491,
49035,10,282,1106700,164497,
49037,2,1,15193,2833,
49039,2,0,28892,5043,
49041,1,0,20961,4522,
49043,1,4,39731,6731,
49045,1,4,63357,8290,
49047,1,4,36343,4899,
49049,5,122,576496,59457,
49051,1,0,29306,4220,
49053,1,32,155577,40002,
49055,0,0,2700,712,
49057,2,64,244101,38967,
50001,1,0,36825,9459,
50003,1,10,36054,10413,
50005,1,4,30576,8308,
50007,1,46,160985,31691,
50009,0,0,6203,2017,
50011,1,0,48816,10296,
50013,0,0,6950,1982,
50015,1,0,25191,5651,
50017,1,2,28901,7904,
50019,1,5,26951,7930,
50021,1,13,59676,16414,
50023,1,14,58691,15091,
50025,2,0,43332,12533,
50027,2,0,55485,16500,
51001,1,10,32840,9713,
51003,1,12,105105,24260,
51005,1,10,15489,4783,
51007,0,0,12802,3301,
51009,0,0,31819,8552,
51011,0,0,15462,4077,
51013,2,32,229534,32701,
51015,1,12,74390,19681,
51017,1,0,4458,1200,
51019,1,6,77319,21440,
51021,0,0,6524,1834,
51023,0,0,33149,9316,
51025,0,0,16435,4495,
51027,1,12,22611,6055,
51029,0,0,17048,4020,
51031,0,0,55158,13887,
51033,0,0,29889,6464,
51035,0,0,29767,8816,
51036,0,0,7022,2156,
51037,0,0,12176,3671,
51041,2,106,335594,65652,
51043,0,0,14331,3666,
51045,0,0,5131,1476,
51047,1,6,49795,10197,
51049,0,0,9797,2590,
51051,1,0,15181,4171,
51053,0,0,28033,6361,
51057,1,7,11083,3102,
51059,4,178,1142004,205097,
51061,1,8,68406,15267,
51063,0,0,15594,4593,
51065,0,0,26109,6641,
51067,1,4,56277,16636,
51069,0,0,83784,17641,
51071,1,0,16867,4744,
51073,1,7,37035,9239,
51075,0,0,22148,6309,
51077,0,0,15708,4703,
51079,0,0,19213,4356,
51081,0,0,11606,2403,
51083,1,12,35030,10489,
51085,1,24,103218,23448,
51087,1,53,324073,65204,
51089,0,0,51956,15335,
51091,0,0,2213,1144,
51093,0,0,36090,9254,
51095,2,26,73028,22611,
51097,0,0,7052,2107,
51099,0,0,25564,4530,
51101,0,0,16329,3605,
51103,1,0,10848,4693,
51105,0,0,24428,6175,
51107,2,33,374558,46809,
51109,0,0,34813,9238,
51111,0,0,12369,3504,
51113,0,0,13108,3779,
51115,0,0,8830,3293,
51117,1,10,30959,9967,
51119,0,0,10710,4271,
51121,2,22,97692,16371,
51125,0,0,14863,5121,
51127,0,0,20523,4832,
51131,0,0,11998,4032,
51133,0,0,12254,5416,
51135,0,0,15537,3814,
51137,0,0,35265,9382,
51139,1,0,23694,6578,
51141,0,0,17958,5697,
51143,0,0,61970,17512,
51145,0,0,28364,6652,
51147,1,8,22903,5017,
51149,0,0,37704,6858,
51153,2,24,450763,60739,
51155,1,8,34330,9988,
51157,0,0,7359,2467,
51159,0,0,8873,2400,
51161,0,0,93419,25341,
51163,0,0,22440,7345,
51165,0,0,78653,18979,
51167,1,5,27725,7582,
51169,0,0,22290,6831,
51171,1,0,42854,11604,
51173,1,4,31298,8800,
51175,0,0,18089,4637,
51177,1,12,130159,23288,
51179,1,4,141159,19771,
51181,0,0,6670,1840,
51183,0,0,11595,2584,
51185,2,12,42689,11682,
51187,1,8,38991,8490,
51191,1,14,54457,15381,
51193,0,0,17596,5792,
51195,1,8,39539,9345,
51197,1,6,29048,8014,
51199,0,0,67196,14070,
51510,1,40,154710,23816,
51520,0,0,17077,4481,
51530,0,0,6495,1486,
51540,1,25,46487,6753,
51550,1,28,235410,41793,
51570,0,0,17582,4585,
51580,0,0,5675,1681,
51590,1,34,41911,11358,
51595,1,7,5495,1252,
51600,0,0,23580,4687,
51610,0,0,13843,2660,
51620,1,8,8334,2300,
51630,1,26,28135,4113,
51640,1,10,6788,2026,
51650,1,24,136255,27165,
51660,1,34,53064,6611,
51670,1,17,22353,4703,
51678,1,0,7113,1303,
51680,1,49,79237,14774,
51683,1,11,41379,5755,
51685,0,0,16117,1822,
51690,0,0,13256,3469,
51700,2,88,180775,31311,
51710,3,113,245752,36773,
51720,1,11,4043,1034,
51730,2,28,32037,7475,
51735,0,0,12022,2958,
51740,1,22,95536,19091,
51750,0,0,17380,2037,
51760,3,159,220892,39776,
51770,1,71,99572,22026,
51775,1,36,25521,6421,
51790,0,0,24273,6341,
51800,1,12,88057,17315,
51810,2,50,450057,81616,
51820,0,0,21620,5038,
51830,0,0,14817,2733,
51840,1,48,27516,5865,
53001,2,0,19261,2912,
53003,1,0,22259,6373,
53005,3,44,190529,37874,
53007,4,20,75138,18408,
53009,2,19,73439,26654,
53011,2,90,457474,92850,
53013,1,0,3999,1371,
53015,1,18,103590,26255,
53017,0,0,40585,9148,
53019,1,0,7568,2554,
53021,1,0,89124,11049,
53023,1,0,2226,729,
53025,4,0,93420,17194,
53027,2,0,71454,19476,
53029,1,6,80323,24585,
53031,1,6,30524,13626,
53033,17,450,2118119,386511,
53035,1,20,258903,59433,
53037,1,6,43726,9312,
53039,2,0,21172,6449,
53041,2,6,76012,20549,
53043,2,0,10344,3325,
53045,1,6,61569,18441,
53047,3,0,41377,11602,
53049,2,0,20940,8028,
53051,1,0,13066,4439,
53053,5,189,845193,157501,
53055,1,0,16221,6649,
53057,3,18,121725,31915,
53059,0,0,11498,3238,
53061,4,72,771904,143234,
53063,4,113,490764,105082,
53065,2,0,43858,13171,
53067,2,72,269885,60028,
53069,0,0,4105,1698,
53071,1,28,59862,13443,
53073,1,24,212738,47353,
53075,2,6,47794,6710,
53077,4,52,248279,44560,
54001,1,0,16790,4433,
54003,1,20,111610,21894,
54005,1,0,23236,5945,
54007,1,0,14345,4105,
54009,0,0,23067,6816,
54011,2,88,96100,22787,
54013,1,0,7450,2279,
54015,0,0,8901,2226,
54017,0,0,8570,2461,
54019,2,3,44602,12150,
54021,0,0,8305,1817,
54023,1,3,11673,3470,
54025,1,12,35523,10528,
54027,1,0,23412,6811,
54029,1,10,29921,8634,
54031,0,0,13812,3692,
54033,1,20,68438,17201,
54035,1,0,29123,7844,
54037,1,5,55673,11916,
54039,4,156,187827,49628,
54041,1,6,16371,4386,
54043,0,0,21241,5184,
54045,1,12,34428,8559,
54047,1,7,19707,5272,
54049,1,14,56575,14663,
54051,1,9,32006,9258,
54053,1,5,27000,7153,
54055,2,29,60963,16998,
54057,1,4,27421,7414,
54059,1,6,25150,6170,
54061,2,119,103715,16742,
54063,0,0,13517,4299,
54065,1,0,17510,5135,
54067,1,0,25496,7413,
54069,2,37,42906,12039,
54071,0,0,7138,2313,
54073,0,0,7527,1842,
54075,1,0,8574,2770,
54077,1,0,33760,8739,
54079,0,0,56644,13622,
54081,2,43,77097,20258,
54083,1,0,29152,7914,
54085,0,0,10005,2814,
54087,1,0,14348,4117,
54089,1,0,13210,4109,
54091,1,0,16977,4555,
54093,0,0,7035,2245,
54095,1,0,8949,2551,
54097,1,4,24604,6359,
54099,0,0,41063,10695,
54101,1,0,8637,2560,
54103,1,5,15793,4523,
54105,0,0,5800,1441,
54107,1,36,86016,22379,
54109,0,0,22130,6172,
55001,1,0,20111,7417,
55003,1,0,15779,4029,
55005,3,5,45358,12648,
55007,0,0,15004,5390,
55009,4,60,258004,49706,
55011,0,0,13243,3806,
55013,1,0,15239,5563,
55015,1,0,49737,9760,
55017,3,6,63445,14882,
55019,1,0,34513,7761,
55021,2,10,56790,13488,
55023,1,0,16313,4623,
55025,4,39,522837,93985,
55027,2,10,87833,20377,
55029,1,4,27443,10267,
55031,1,0,43503,10444,
55033,1,0,44260,9015,
55035,4,48,102388,20349,
55037,0,0,4354,1446,
55039,3,15,102082,24000,
55041,0,0,9035,2759,
55043,3,0,51742,11571,
55045,1,6,36869,8908,
55047,1,5,18745,5437,
55049,1,0,23576,5649,
55051,0,0,5748,2170,
55053,1,0,20531,5137,
55055,1,4,84586,18308,
55057,1,0,26427,7133,
55059,2,27,167886,31603,
55061,0,0,20378,5256,
55063,2,52,117582,24464,
55065,1,0,16755,4075,
55067,1,4,19190,5568,
55069,2,0,27994,7702,
55071,2,16,79680,20684,
55073,2,52,135293,30856,
55075,1,10,40712,12297,
55077,0,0,15164,4784,
55078,0,0,4506,816,
55079,8,381,956586,173173,
55081,2,0,45303,10280,
55083,2,0,37465,10126,
55085,1,20,35352,11792,
55087,2,64,183288,35410,
55089,2,46,87817,21950,
55091,1,0,7282,2115,
55093,1,0,41226,8070,
55095,3,3,43328,11630,
55097,1,12,70371,15091,
55099,1,4,13566,4514,
55101,2,33,195101,42061,
55103,1,4,17626,5148,
55105,4,33,161226,34912,
55107,1,4,14211,4413,
55109,3,0,87142,16229,
55111,3,10,63340,15064,
55113,1,0,16384,5431,
55115,1,0,41136,11054,
55117,2,13,115094,27003,
55119,1,0,20344,5080,
55121,2,0,29510,6978,
55123,2,0,30378,7781,
55125,2,10,21465,8398,
55127,2,16,102917,22640,
55129,2,0,15638,5285,
55131,2,12,133967,30378,
55133,4,64,396731,95193,
55135,2,4,51651,13904,
55137,1,0,24170,7579,
55139,2,26,169540,35586,
55141,2,27,73427,18838,
56001,1,4,37944,5887,
56003,2,0,11920,3267,
56005,1,14,48116,6482,
56007,1,6,15689,3421,
56009,1,0,14166,2972,
56011,1,0,7347,1964,
56013,1,12,40354,9748,
56015,1,0,13479,3710,
56017,1,0,4741,1646,
56019,1,0,8562,2495,
56021,1,15,97031,20072,
56023,2,0,18791,4254,
56025,2,14,81023,16036,
56027,1,0,2479,625,
56029,2,4,29276,8475,
56031,1,0,8703,2755,
56033,1,11,29964,8337,
56035,0,0,10037,2292,
56037,2,10,44527,7015,
56039,1,6,22923,4298,
56041,1,6,20758,3554,
56043,1,0,8253,2206,
56045,1,0,7117,2073,