FIPS,total_pop,60plus
1001,55036,10523
1003,203360,53519
1005,26201,6150
1007,22580,4773
1009,57667,13600
1011,10478,2371
1013,20126,5151
1015,115527,27115
1017,33895,8501
1019,25855,7513
1021,43805,9429
1023,13188,3759
1025,24625,6134
1027,13407,3480
1029,14939,3691
1031,51073,11027
1033,54435,14062
1035,12649,3542
1037,10955,3145
1039,37519,10290
1041,13866,3371
1043,81703,19667
1045,49393,10498
1047,40755,9436
1049,71194,15782
1051,80989,15929
1053,37621,8677
1055,103132,25122
1057,16657,4604
1059,31507,7054
1061,26572,6716
1063,8533,2352
1065,14995,3945
1067,17110,4834
1069,104108,23474
1071,52326,13441
1073,659460,138161
1075,14021,3811
1077,92590,23452
1079,33288,7710
1081,156597,24513
1083,91695,18399
1085,10362,2481
1087,19358,4854
1089,353213,70040
1091,19743,5124
1093,30058,8196
1095,94738,21466
1097,414328,88103
1099,21745,5536
1101,227120,44214
1103,119157,26739
1105,9680,2278
1107,20170,4974
1109,33287,6441
1111,22530,6129
1113,58480,10680
1115,86937,18943
1117,208721,41610
1119,13084,3005
1121,80888,18842
1123,40756,11006
1125,204424,36426
1127,64927,16386
1129,16746,4103
1131,10919,2751
1133,23968,6575
2013,3338,510
2016,5784,707
2020,298225,43608
2050,17957,2082
2060,917,164
2068,2303,481
2070,4974,701
2090,100031,13950
2100,2537,727
2105,2146,645
2110,32434,5907
2122,57961,13154
2130,13745,2951
2150,13773,1915
2158,8129,674
2164,1301,189
2170,101135,16358
2180,9869,1151
2185,9757,1157
2188,7715,851
2195,3275,778
2198,6473,1381
2220,8810,1829
2230,1038,175
2240,6889,1256
2261,9439,1790
2275,2475,756
2282,682,142
2290,5453,1058
4001,71602,14107
4003,126516,35231
4005,138639,23195
4007,53145,18752
4009,37700,6933
4011,9368,1631
4012,20477,9183
4013,4155501,808534
4015,204691,73559
4017,107902,24267
4019,1007257,245814
4021,405537,100086
4023,46358,10530
4025,220972,85127
4027,204281,45739
5001,18352,4693
5003,20771,5094
5005,41093,15979
5007,251823,44616
5009,37212,9809
5011,10994,2825
5013,5194,1436
5015,27782,7997
5017,11008,2835
5019,22495,5000
5021,15190,4125
5023,25361,8437
5025,8332,2195
5027,23992,5481
5029,20954,5270
5031,104246,19242
5033,62119,13589
5035,49278,9487
5037,17164,4020
5039,7585,2206
5041,12094,3044
5043,18620,3890
5045,121282,19658
5047,17803,4640
5049,12092,4099
5051,97994,28731
5053,18076,4063
5055,44197,9006
5057,22154,5273
5059,33480,8417
5061,13472,3157
5063,37097,8706
5065,13521,4226
5067,17429,4039
5069,71373,15529
5071,26155,5619
5073,7051,2097
5075,16777,4447
5077,9614,2289
5079,13885,2882
5081,12494,3272
5083,21802,5494
5085,71568,12771
5087,15907,3897
5089,16374,6057
5091,43760,9791
5093,43534,8720
5095,7420,2254
5097,9059,3095
5099,8528,2133
5101,7898,2612
5103,24378,6183
5105,10320,2645
5107,19518,4632
5109,10893,3014
5111,24098,5793
5113,20212,5939
5115,63372,12757
5117,8309,2425
5119,392848,79133
5121,17514,4836
5123,26688,5393
5125,116252,26545
5127,10584,2606
5129,7925,2684
5131,127362,26807
5133,17206,3266
5135,17041,5487
5137,12443,4150
5139,40022,9680
5141,16751,5519
5143,223683,34691
5145,78706,16257
5147,6763,1975
5149,21601,4891
6001,1629615,300276
6003,1203,429
6005,37306,12967
6007,225207,53616
6009,45057,15872
6011,21479,4027
6013,1123678,231404
6015,27442,6262
6017,185015,49939
6019,971616,157757
6021,27935,6019
6023,135490,31200
6025,179957,30768
6027,18195,5588
6029,878744,130831
6031,150183,20569
6033,64095,19092
6035,31470,5929
6037,10105722,1800341
6039,154440,28392
6041,260814,72684
6043,17658,6311
6045,87497,24313
6047,267390,40383
6049,9017,3106
6051,14058,2723
6053,433168,76257
6055,141005,33686
6057,98838,33612
6059,3155816,598030
6061,374985,92327
6063,18724,6935
6065,2355002,437180
6067,1495400,279005
6069,58671,10074
6071,2121220,330448
6073,3283665,604412
6075,864263,179193
6077,724153,123774
6079,280119,70097
6081,763450,161619
6083,442996,86816
6085,1911226,338720
6087,273263,57232
6089,178919,47900
6091,2885,986
6093,43530,14018
6095,434981,90069
6097,500943,124291
6099,535684,92698
6101,95583,19219
6103,63247,15876
6105,13037,4734
6107,458809,69266
6109,53899,17942
6111,847834,167777
6113,212605,34981
6115,74644,12327
8001,487850,69778
8003,16345,2952
8005,626612,111767
8007,12592,4283
8009,3581,1178
8011,5806,1296
8013,316782,59425
8014,64283,11264
8015,18818,6312
8017,2127,380
8019,9257,2454
8021,8147,2034
8023,3628,1272
8025,5514,1074
8027,4505,2092
8029,30217,9773
8031,678467,109403
8033,1736,537
8035,320940,50139
8037,53726,8107
8039,24553,5592
8041,674826,116223
8043,46601,12609
8045,57945,10202
8047,5793,1583
8049,14793,3858
8051,16215,2905
8053,820,329
8055,6498,2568
8057,1372,398
8059,564029,124374
8061,1368,370
8063,7846,1873
8065,7481,1439
8067,54469,12490
8069,330976,67199
8071,14151,4307
8073,5520,1200
8075,21885,5056
8077,148798,35763
8079,834,394
8081,13056,2777
8083,25770,7299
8085,40908,12041
8087,28123,6047
8089,18325,4816
8091,4653,1815
8093,16900,4718
8095,4327,1037
8097,17747,4417
8099,12084,2840
8101,163368,39318
8103,6557,1362
8105,11430,2857
8107,24359,4914
8109,6338,1917
8111,569,164
8113,7804,1475
8115,2357,770
8117,29722,5667
8119,23769,6744
8121,4809,1285
8123,285729,48279
8125,10109,2385
9001,947328,197334
9003,897417,201242
9005,184454,50170
9007,164110,41372
9009,862127,194911
9011,270772,63495
9013,151596,31539
9015,116674,25482
10001,173145,36849
10003,555036,112051
10005,215551,71832
11001,672391,113026
12001,259865,47766
12003,27537,5367
12005,180117,40210
12007,26775,6394
12009,568183,170919
12011,1890416,406732
12013,14458,3483
12015,173236,81236
12017,141373,61636
12019,203291,41495
12021,356774,132129
12023,68484,17039
12027,35675,9739
12029,16323,5078
12031,912043,171837
12033,309924,68143
12035,105015,38651
12037,11675,3127
12039,46113,10880
12041,17191,4554
12043,13197,4162
12045,16018,3954
12047,14238,3247
12049,27326,5531
12051,39064,6808
12053,179144,61882
12055,100177,41387
12057,1351087,257269
12059,19483,4989
12061,147981,57277
12063,48571,12035
12065,14085,4326
12067,8684,1667
12069,326215,107419
12071,700165,239488
12073,285890,49057
12075,39713,12422
12077,8347,1621
12079,18518,4779
12081,363542,120595
12083,343778,119425
12085,155719,57914
12086,2702602,563748
12087,76745,22310
12089,78435,21894
12091,197591,41694
12093,40228,10230
12095,1290216,206342
12097,325168,57062
12099,1426772,414928
12101,498136,142985
12103,949842,293786
12105,652256,169578
12107,72435,21116
12109,226578,57092
12111,298763,87591
12113,166778,34353
12115,404839,174026
12117,449260,92794
12119,116754,74936
12121,43814,11617
12123,22350,5833
12125,15300,3196
12127,518660,160876
12129,31586,6317
12131,63457,16604
12133,24472,5555
13001,18471,4208
13003,8313,1451
13005,11279,2329
13007,3251,919
13009,45527,9287
13011,18363,4207
13013,75099,12454
13015,102623,18389
13017,17272,3982
13019,19014,4266
13021,153923,31993
13023,12779,2860
13025,18411,3792
13027,15629,4099
13029,34883,4985
13031,73742,11463
13033,22645,4540
13035,23556,4813
13037,6503,1362
13039,52252,8503
13043,10894,2476
13045,114898,20423
13047,65870,14752
13049,12963,2473
13051,285506,56014
13053,11096,645
13055,24880,5705
13057,235896,42210
13059,123554,17345
13061,3024,937
13063,274150,36959
13065,6788,1466
13067,739072,120689
13069,43048,7860
13071,45890,8918
13073,143723,26092
13075,17190,3527
13077,138015,25269
13079,12385,2798
13081,23005,5331
13083,16282,4079
13085,23397,6208
13087,27023,5831
13089,736066,121505
13091,21063,4726
13093,14053,3522
13095,91522,18997
13097,140152,22028
13099,10405,2739
13101,4011,681
13103,57087,9061
13105,19288,5092
13107,22502,4782
13109,10757,2260
13111,24480,8800
13113,110306,25277
13115,96471,20941
13117,211300,33215
13119,22328,5691
13121,1010420,159840
13123,29614,9166
13125,3027,713
13127,83467,20679
13129,56424,10941
13131,25048,5593
13133,16732,6034
13135,889954,122430
13137,43878,10665
13139,192865,36793
13141,8667,2435
13143,28722,6357
13145,33198,7948
13147,25535,7015
13149,11607,2692
13151,217506,34127
13153,150341,25522
13155,9278,2170
13157,63851,12724
13159,13732,3116
13161,14999,3219
13163,15954,3828
13165,8929,2049
13167,9800,2334
13169,28540,6333
13171,18282,3955
13173,10388,1972
13175,47451,10610
13177,29216,4964
13179,62120,7447
13181,7768,2318
13183,17857,2398
13185,113941,17921
13187,31567,7478
13189,21488,4855
13191,14061,4475
13193,13675,2925
13195,28600,6721
13197,8558,2190
13199,21152,5261
13201,5884,1561
13205,22574,4919
13207,26795,6594
13209,8962,1891
13211,18013,4678
13213,39444,7520
13215,198647,34483
13217,105042,18455
13219,35972,7602
13221,14654,3441
13223,152399,21365
13225,27027,5201
13227,30343,8464
13229,19141,4228
13231,17919,3658
13233,41444,8705
13235,11396,2806
13237,21430,6275
13239,2140,913
13241,16354,5564
13243,7206,2258
13245,201568,38152
13247,88482,17124
13249,5168,1100
13251,14037,3450
13253,8549,2541
13255,64192,14777
13257,25625,6327
13259,5832,1209
13261,30687,6539
13263,6423,2045
13265,1844,511
13267,25402,4769
13269,8267,2020
13271,16339,3802
13273,8978,2148
13275,44909,10319
13277,40531,8091
13279,27160,5815
13281,11173,4566
13283,6752,1666
13285,69433,13380
13287,8036,2004
13289,8323,2395
13291,22262,8856
13293,26241,6294
13295,68609,16583
13297,88695,17821
13299,35688,7974
13301,5410,1586
13303,20506,4483
13305,29833,6149
13307,2627,671
13309,7952,1550
13311,28509,7553
13313,103963,18625
13315,8896,1960
13317,9905,2863
13319,9147,2285
13321,20809,5131
15001,196325,52582
15003,990060,218287
15005,86,27
15007,71093,18043
15009,164094,37939
16001,435117,80856
16003,3946,1513
16005,84113,15750
16007,5942,1565
16009,9050,2780
16011,45369,8667
16013,21583,5080
16015,6968,2461
16017,41855,13317
16019,110404,20000
16021,11323,3394
16023,2613,807
16025,886,267
16027,207027,36810
16029,6862,1645
16031,23472,4324
16033,1055,184
16035,8533,3035
16037,4141,1641
16039,26232,4586
16041,13120,2458
16043,12889,2942
16045,16850,4887
16047,15110,3215
16049,16275,5638
16051,27410,4382
16053,23039,4145
16055,150128,36910
16057,38697,6552
16059,7755,2895
16061,3824,1252
16063,5296,973
16065,38241,3374
16067,20448,4407
16069,40014,10185
16071,4284,1060
16073,11384,2589
16075,22839,5298
16077,7667,1593
16079,12490,3745
16081,10776,1500
16083,82248,16621
16085,10104,3660
16087,9996,3185
17001,66787,16968
17003,6776,1841
17005,17034,4097
17007,53638,10544
17009,6791,1260
17011,33619,9368
17013,4897,1471
17015,14704,4653
17017,12880,2896
17019,207946,35016
17021,33562,8376
17023,15924,4021
17025,13393,3767
17027,37640,8553
17029,52540,11175
17031,5238541,1005046
17033,19214,4912
17035,10899,2730
17037,104473,16887
17039,16176,3995
17041,19830,4574
17043,931826,189208
17045,17603,4908
17047,6570,1759
17049,34164,8041
17051,21980,5172
17053,13470,3522
17055,39302,10199
17057,35733,9382
17059,5226,1526
17061,13311,3320
17063,50333,9077
17065,8259,2379
17067,18264,5387
17069,4161,1198
17071,6927,2225
17073,49649,12932
17075,28457,8008
17077,59115,11301
17079,9608,2496
17081,38358,9508
17083,22215,5642
17085,22046,7704
17087,12899,3202
17089,529402,93411
17091,110801,23667
17093,122933,16292
17095,51374,13829
17097,704476,131932
17099,111151,27315
17101,16457,3784
17103,34670,8585
17105,36812,9046
17107,29488,7086
17109,31597,7097
17111,308043,58774
17113,173231,29727
17115,107587,27263
17117,45960,12200
17119,266153,60531
17121,38305,9723
17123,11925,3583
17125,13904,3948
17127,14594,3963
17129,12416,3156
17131,15794,4395
17133,33739,7670
17135,29173,7326
17137,34442,8786
17139,14711,3592
17141,51619,12307
17143,186145,40675
17145,21467,5195
17147,16433,4034
17149,15930,4190
17151,4360,1604
17153,5691,1566
17155,5771,1655
17157,32829,8130
17159,15953,4167
17161,146205,35994
17163,264433,54566
17165,24430,6376
17167,198134,45191
17169,7181,2052
17171,5109,1345
17173,21906,6197
17175,5551,1581
17177,45839,13432
17179,134695,31973
17181,17267,4624
17183,79207,19371
17185,11568,3004
17187,17429,4147
17189,14260,3641
17191,16569,4419
17193,14186,3906
17195,56823,14999
17197,687727,116816
17199,67477,16353
17201,287512,65218
17203,38942,8978
18001,35018,7140
18003,367747,70976
18005,81024,16862
18007,8685,2012
18009,12214,3332
18011,63013,11259
18013,15007,4827
18015,19994,5056
18017,38248,8878
18019,114893,23978
18021,26375,6400
18023,32455,7149
18025,10598,2693
18027,32777,6611
18029,49564,11201
18031,26480,5924
18033,42524,9197
18035,115938,25540
18037,42379,9945
18039,202924,38669
18041,23426,6065
18043,76481,16661
18045,16620,4359
18047,22835,5422
18049,20296,5248
18051,33596,7576
18053,67615,16678
18055,32431,8315
18057,309687,49209
18059,72776,15514
18061,39450,9441
18063,158170,28822
18065,48649,12162
18067,82457,20461
18069,36520,8144
18071,43779,9380
18073,33448,7509
18075,21107,5031
18077,32293,7164
18079,27840,6079
18081,149359,29234
18083,37763,8735
18085,78720,16785
18087,38720,7291
18089,488694,104898
18091,110839,25713
18093,45669,11750
18095,129641,30680
18097,939964,160942
18099,46752,10866
18101,10219,2501
18103,36035,7957
18105,144436,23773
18107,38288,8814
18109,69533,15510
18111,14056,3390
18113,47421,9969
18115,5911,1568
18117,19623,4677
18119,20957,5415
18121,17062,4098
18123,19229,4691
18125,12471,3271
18127,167391,36197
18129,25599,6134
18131,12761,3245
18133,37543,8058
18135,25203,6468
18137,28372,6402
18139,16765,4040
18141,268613,57385
18143,23722,5247
18145,44339,10052
18147,20610,5172
18149,22966,5553
18151,34459,8776
18153,20900,4547
18155,10617,2474
18157,186081,28594
18159,15290,3910
18161,7225,1800
18163,181831,40560
18165,15644,4085
18167,107723,22306
18169,31848,8461
18171,8269,2214
18173,61581,13734
18175,27807,6355
18177,66972,16958
18179,27832,6613
18181,24279,6402
18183,33481,8060
19001,7192,2161
19003,3785,1142
19005,13940,4004
19007,12547,3759
19009,5711,1817
19011,25646,5969
19013,132960,28271
19015,26381,6491
19017,24741,6207
19019,21101,4777
19021,20369,4287
19023,14822,4297
19025,9814,3002
19027,20428,5287
19029,13327,3898
19031,18368,4727
19033,43134,12003
19035,11577,3637
19037,12140,3281
19039,9267,2256
19041,16387,4559
19043,17711,5374
19045,47587,12082
19047,17131,3829
19049,80864,12950
19051,8834,2110
19053,8105,2081
19055,17326,4418
19057,39876,10621
19059,17000,5604
19061,96571,22155
19063,9661,2546
19065,20139,5519
19067,15904,4425
19069,10326,2904
19071,6985,2030
19073,9046,2584
19075,12354,3350
19077,10664,3168
19079,15201,4022
19081,10971,3061
19083,17239,4835
19085,14196,3779
19087,19865,4736
19089,9321,2496
19091,9586,2548
19093,6965,2010
19095,16231,3976
19097,19409,5316
19099,36789,9289
19101,17945,5327
19103,144425,21650
19105,20468,5304
19107,10223,2899
19109,15166,4508
19111,34785,9123
19113,220008,45693
19115,11238,2610
19117,8600,2459
19119,11745,2710
19121,15720,3468
19123,22301,5458
19125,33127,7804
19127,40476,9549
19129,14933,3584
19131,10663,2990
19133,8865,2842
19135,7912,1998
19137,10239,2863
19139,42923,9608
19141,13944,3787
19143,6149,1621
19145,15393,4507
19147,9110,2512
19149,25027,6126
19151,6972,2100
19153,467235,81860
19155,93287,21265
19157,18428,4687
19159,4986,1529
19161,9936,2963
19163,171493,36851
19165,11772,3381
19167,34692,6858
19169,95888,14980
19171,17236,4455
19173,6214,1749
19175,12497,3366
19177,7308,2036
19179,35321,8335
19181,48630,10113
19183,22095,5388
19185,6405,1872
19187,36945,8966
19189,10545,3095
19191,20575,5243
19193,102397,20666
19195,7502,1990
19197,12864,3778
20001,12752,3383
20003,7840,2090
20005,16466,3518
20007,4905,1307
20009,27067,6712
20011,14757,3661
20013,9736,2486
20015,66260,13403
20017,2665,837
20019,3425,1156
20021,20501,5088
20023,2677,911
20025,2089,587
20027,8203,2413
20029,9191,2463
20031,8328,2233
20033,1741,582
20035,35732,8333
20037,39099,7956
20039,2891,989
20041,19162,4867
20043,7790,2038
20045,117806,18450
20047,2946,782
20049,2581,935
20051,28877,5912
20053,6331,1772
20055,37097,5555
20057,34658,5103
20059,25599,5593
20061,35796,3964
20063,2632,882
20065,2561,862
20067,7716,1303
20069,6004,1227
20071,1210,371
20073,6227,2057
20075,2621,455
20077,5746,1672
20079,34683,8619
20081,4081,804
20083,1875,577
20085,13322,3473
20087,18856,4716
20089,2963,1107
20091,578797,110038
20093,3931,755
20095,7576,2096
20097,2524,729
20099,20553,5125
20101,1702,442
20103,79359,15061
20105,3121,944
20107,9602,2635
20109,2790,840
20111,33302,6409
20113,28792,7540
20115,12087,3564
20117,9859,2826
20119,4295,1016
20121,32976,7544
20123,6230,1776
20125,33463,8712
20127,5605,1854
20129,2931,666
20131,10095,2619
20133,16209,4042
20135,3001,969
20137,5527,1317
20139,15894,4124
20141,3684,1175
20143,5957,1490
20145,6776,1864
20147,5446,1631
20149,23188,4546
20151,9670,2512
20153,2520,865
20155,63360,15902
20157,4705,1745
20159,9868,2499
20161,75696,8478
20163,5148,1392
20165,3119,974
20167,6987,2235
20169,55334,12413
20171,4981,1338
20173,510484,97508
20175,22948,3309
20177,178392,41511
20179,2497,725
20181,5999,1592
20183,3693,1327
20185,4251,1151
20187,2107,490
20189,5741,1076
20191,23336,5525
20193,7847,1833
20195,2899,892
20197,6918,1733
20199,1591,421
20201,5572,1719
20203,2157,537
20205,8858,2497
20207,3178,1025
20209,163227,27635
21001,19304,4558
21003,20628,4783
21005,22017,4689
21007,8152,2211
21009,43418,9933
21011,12189,2815
21013,27469,6714
21015,127682,22880
21017,20017,4949
21019,48486,12601
21021,29773,7324
21023,8330,1834
21025,13276,2950
21027,19991,5162
21029,78622,16484
21031,12735,3036
21033,12747,3148
21035,38616,8253
21037,91804,19251
21039,4890,1333
21041,10695,2153
21043,27385,6600
21045,15805,4012
21047,72438,11300
21049,35757,8552
21051,20866,4137
21053,10208,2661
21055,9154,2418
21057,6744,1807
21059,99258,22152
21061,12063,3138
21063,7533,1799
21065,14382,3491
21067,315109,55235
21069,14515,3347
21071,37447,8825
21073,49969,11999
21075,6259,1667
21077,8652,1693
21079,17226,4077
21081,24800,4489
21083,37259,8947
21085,26129,6066
21087,11044,3113
21089,36012,9521
21091,8700,1996
21093,107699,19472
21095,27548,6579
21097,18630,4370
21099,18531,4124
21101,46252,10871
21103,15677,3627
21105,4625,1387
21107,45985,11048
21109,13369,3018
21111,764378,161771
21113,51667,10163
21115,23064,5441
21117,163987,31245
21119,15690,3700
21121,31424,7187
21123,14102,3193
21125,59901,12999
21127,15844,3685
21129,6717,1622
21131,10648,2421
21133,23011,5498
21135,13565,3211
21137,24413,5718
21139,9288,2565
21141,26847,6256
21143,8268,2744
21145,65285,16639
21147,17748,3649
21149,9361,2342
21151,88376,16155
21153,12783,2681
21155,19335,4112
21157,31177,8929
21159,12175,2520
21161,17167,4041
21163,28452,5153
21165,6381,1692
21167,21378,5365
21169,9990,2518
21171,10645,2575
21173,27550,5851
21175,13281,3148
21177,31153,7703
21179,45131,9073
21181,7061,1716
21183,24062,5824
21185,64633,11255
21187,10686,2733
21189,4497,1077
21191,14530,2966
21193,27329,6143
21195,61586,14290
21197,12349,2502
21199,63974,15846
21201,2161,601
21203,16815,4047
21205,24392,4411
21207,17731,4680
21209,52322,8436
21211,45831,9425
21213,17881,3934
21215,18012,3154
21217,25406,5890
21219,12377,2555
21221,14286,4271
21223,8697,2046
21225,14915,3262
21227,123824,21484
21229,11999,2857
21231,20692,5282
21233,13180,3120
21235,36027,8053
21237,7251,1797
21239,25817,6129
22001,62607,12138
22003,25667,4916
22005,119129,18726
22007,22881,5211
22009,41095,9096
22011,36598,7788
22013,13806,3706
22015,125698,23653
22017,251069,54633
22019,198753,39284
22021,10000,2320
22023,6806,1649
22025,10044,2388
22027,16296,3960
22029,20211,4548
22031,27164,6289
22033,446167,81150
22035,7318,1369
22037,19553,4704
22039,33750,6942
22041,20388,4672
22043,22305,4423
22045,73346,14679
22047,33122,6966
22049,15952,3997
22051,437038,96599
22053,31405,6940
22055,238230,41592
22057,98112,19612
22059,14930,3353
22061,47536,8335
22063,137096,24235
22065,11616,2251
22067,26290,6321
22069,39051,8279
22071,388182,74618
22073,156433,30466
22075,23394,4024
22077,22271,5833
22079,132080,27820
22081,8723,2085
22083,20619,4470
22085,24145,6342
22087,45067,6771
22089,52728,9258
22091,10509,2784
22093,21485,4921
22095,43565,8070
22097,83580,17636
22099,53609,10425
22101,52578,11173
22103,249201,55158
22105,128850,24738
22107,4771,1350
22109,113067,21180
22111,22537,6027
22113,59841,11580
22115,51906,7791
22117,46449,11494
22119,40043,10020
22121,25518,4884
22123,11274,2783
22125,15376,3049
22127,14631,3354
23001,107317,24289
23003,68840,20453
23005,289173,68027
23007,30177,8571
23009,54468,16940
23011,121289,31337
23013,39700,12268
23015,34021,11973
23017,57230,16027
23019,152284,36356
23021,16960,5761
23023,35149,9471
23025,50994,13707
23027,39280,11094
23029,31822,9959
23031,201454,52544
24001,72591,18311
24003,564600,111090
24005,828637,186412
24009,90824,18153
24011,32785,6877
24013,167319,36730
24015,102416,21069
24017,156021,26064
24019,32386,8893
24021,246105,46881
24023,29516,8442
24025,250132,53295
24027,312495,57302
24029,19666,6220
24031,1039198,209461
24033,905161,159437
24035,49071,12065
24037,110979,18983
24039,25801,5570
24041,37461,12868
24043,149546,33148
24045,102014,21277
24047,51559,17655
24510,619796,115716
25001,213900,80676
25003,127751,37339
25005,557016,124173
25007,17275,5109
25009,775860,173485
25011,70926,19773
25013,469188,103567
25015,161197,34945
25017,1582857,319971
25019,10912,2283
25021,694389,155147
25023,509114,119899
25025,780685,125537
25027,818249,170081
26001,10413,4705
26003,9254,3126
26005,114145,24717
26007,28730,8520
26009,23133,8100
26011,15238,4939
26013,8580,2373
26015,59607,14931
26017,105350,27300
26019,17462,5771
26021,154948,39067
26023,43543,10379
26025,134327,31227
26027,51397,13966
26029,26160,8123
26031,25475,8824
26033,38023,8659
26035,30597,9532
26037,77321,16938
26039,13821,4436
26041,36395,10991
26043,25694,7463
26045,108586,26110
26047,32978,9255
26049,410881,93094
26051,25324,8522
26053,15577,5016
26055,91222,23009
26057,41319,9162
26059,45909,11598
26061,36333,8122
26063,31750,10169
26065,286185,51447
26067,64147,12876
26069,25317,9417
26071,11291,4274
26073,70572,11665
26075,158989,36118
26077,259830,51450
26079,17358,4698
26081,636376,115828
26083,2136,907
26085,11669,4182
26087,88205,20857
26089,21564,8279
26091,98585,23897
26093,186946,41663
26095,6406,1804
26097,10836,3817
26099,864019,192977
26101,24432,8002
26103,67145,16470
26105,28800,8675
26107,43181,10289
26109,23389,7186
26111,83489,19242
26113,14982,4031
26115,149619,35206
26117,62956,14301
26119,9290,3665
26121,172707,37993
26123,47899,12202
26125,1241860,273867
26127,26317,7218
26129,20979,6773
26131,6072,2710
26133,23221,6243
26135,8304,2898
26137,24247,6554
26139,280243,54457
26141,12854,5142
26143,23934,9877
26145,193803,47390
26147,159761,38914
26149,60890,14461
26151,41535,11385
26153,8114,2847
26155,68617,16363
26157,53569,14012
26159,75190,18230
26161,361509,65781
26163,1763822,362535
26165,32915,8300
27001,15841,6467
27003,344861,63313
27005,33552,9157
27007,45847,9482
27009,39360,7326
27011,5039,1693
27013,65767,12070
27015,25243,6857
27017,35408,8198
27019,98799,15454
27021,28810,9475
27023,12040,3359
27025,54297,10806
27027,62040,10982
27029,8824,2327
27031,5270,1941
27033,11437,3290
27035,63505,17980
27037,414655,76445
27039,20485,4015
27041,36891,10617
27043,13966,4173
27045,20825,5688
27047,30619,8707
27049,46138,11621
27051,5923,1742
27053,1224763,229263
27055,18709,5202
27057,20743,6829
27059,38584,8001
27061,45237,13673
27063,10104,2709
27065,15948,4382
27067,42577,10445
27069,4384,1407
27071,12776,3913
27073,6840,2313
27075,10578,3602
27077,3841,1232
27079,27810,6343
27081,5724,1776
27083,25789,5263
27085,35816,8587
27087,5500,1271
27089,9397,2567
27091,20084,5976
27093,23105,6003
27095,25635,6127
27097,32880,8184
27099,39386,9579
27101,8394,2671
27103,33477,6976
27105,21854,4637
27107,6589,1823
27109,151685,29861
27111,57790,17615
27113,14197,3528
27115,29057,7541
27117,9229,2504
27119,31564,7554
27121,10932,3343
27123,537893,102817
27125,4017,1029
27127,15430,4318
27129,14798,4088
27131,65251,13206
27133,9433,2496
27135,15537,3493
27137,200294,50288
27139,141463,20208
27141,92024,13888
27143,14888,3491
27145,155300,30193
27147,36612,8393
27149,9759,2143
27151,9448,2663
27153,24423,6859
27155,3357,1101
27157,21490,5929
27159,13626,3789
27161,18898,4286
27163,250979,49212
27165,10936,2839
27167,6398,1726
27169,50992,10914
27171,131130,22152
27173,9930,2657
28001,31583,7493
28003,37242,8512
28005,12574,3755
28007,18731,4680
28009,8306,2049
28011,33121,6690
28013,14617,3727
28015,10221,2872
28017,17305,3982
28019,8360,2362
28021,9106,1890
28023,16089,4038
28025,19990,4730
28027,24296,4799
28029,28748,6493
28031,19172,4312
28033,173267,29708
28035,75835,13870
28037,7772,2064
28039,23545,4774
28041,13801,2497
28043,21379,4746
28045,46277,11941
28047,200491,38987
28049,243249,44090
28051,18267,3568
28053,8678,1849
28055,1296,285
28057,23439,5355
28059,141314,28610
28061,16547,4371
28063,7463,1641
28065,11639,3162
28067,68328,14853
28069,10082,2367
28071,52744,8639
28073,60517,10854
28075,78221,17686
28077,12659,3005
28079,22936,4515
28081,84840,16183
28083,30113,5674
28085,34542,7781
28087,59558,12035
28089,102212,18766
28091,25466,5805
28093,35981,7858
28095,35967,9309
28097,10309,2723
28099,29437,5993
28101,21437,4496
28103,10942,2193
28105,49392,7290
28107,34229,7047
28109,55049,13434
28111,12047,2963
28113,39763,8664
28115,31075,6065
28117,25389,6023
28119,7537,1751
28121,149645,29151
28123,28399,5665
28125,4631,994
28127,27215,6069
28129,16114,3931
28131,17981,3849
28133,26915,4684
28135,14552,2813
28137,28333,5924
28139,21993,4899
28141,19476,5209
28143,10276,1747
28145,28202,6249
28147,14670,3582
28149,47510,10588
28151,48002,9825
28153,20458,4447
28155,9868,2204
28157,9084,2046
28159,18482,4963
28161,12426,3373
28163,27496,4778
29001,25437,4911
29003,17358,4296
29005,5335,1721
29007,25763,6046
29009,35398,9615
29011,11942,3000
29013,16405,4245
29015,18918,7360
29017,12347,3295
29019,174589,28350
29021,89425,18624
29023,42826,10394
29025,9046,2392
29027,44793,9537
29029,44855,15571
29031,78013,16826
29033,8909,2477
29035,6255,1620
29037,101888,22296
29039,13862,3982
29041,7586,2288
29043,83028,16810
29045,6807,1916
29047,236068,44493
29049,20495,4743
29051,76749,16261
29053,17620,4083
29055,24387,5953
29057,7581,2250
29059,16441,4324
29061,8300,2185
29063,12564,2717
29065,15566,4322
29067,13391,3895
29069,30905,7240
29071,102413,22817
29073,14769,4445
29075,6688,1683
29077,286759,60988
29079,10111,2793
29081,8615,2484
29083,21834,5958
29085,9352,3794
29087,4499,1389
29089,10144,2395
29091,40139,9866
29093,10286,2880
29095,688554,136794
29097,118522,23997
29099,222639,44346
29101,53941,8743
29103,3976,1111
29105,35488,8182
29107,32655,8174
29109,38131,9049
29111,10078,2396
29113,54800,9951
29115,12248,3264
29117,15025,3870
29119,22753,4923
29121,15319,4479
29123,12226,3126
29125,8959,2377
29127,28703,6636
29129,3669,1037
29131,24947,6151
29133,13916,3068
29135,15904,3467
29137,8676,2514
29139,11618,3177
29141,20097,6188
29143,18030,4377
29145,58237,13667
29147,22744,4356
29149,10779,3347
29151,13610,3017
29153,9328,3114
29155,17344,3691
29157,19135,4591
29159,42309,9293
29161,44873,9354
29163,18517,4252
29165,96899,18623
29167,31347,7355
29169,53132,6246
29171,4846,1486
29173,10208,2800
29175,24987,5586
29177,22859,5551
29179,6361,1916
29181,13807,3623
29183,385115,74900
29185,9396,3278
29186,17882,4593
29187,66248,14643
29189,999539,235062
29195,23010,5380
29197,4450,1136
29199,4883,1143
29201,38858,9126
29203,8273,2279
29205,6084,1705
29207,29634,7527
29209,31529,12153
29211,6382,1620
29213,54308,14724
29215,25714,6773
29217,20665,5056
29219,33554,8041
29221,24968,5493
29223,13369,3895
29225,37558,7556
29227,2053,630
29229,18304,4787
29510,314867,57543
30001,9360,2739
30003,13290,2252
30005,6646,1338
30007,5755,1828
30009,10466,3544
30011,1320,457
30013,81816,19330
30015,5812,1617
30017,11895,3032
30019,1788,529
30021,9324,2324
30023,9131,2878
30025,2925,737
30027,11327,3317
30029,96147,24545
30031,100733,17127
30033,1086,310
30035,13677,2288
30037,747,281
30039,3206,1229
30041,16468,3176
30043,11625,3437
30045,1965,630
30047,29518,8372
30049,66290,16327
30051,2245,724
30053,19249,7031
30055,1728,550
30057,7902,3066
30059,2000,578
30061,4194,1542
30063,114231,22759
30065,4766,1594
30067,16001,4577
30069,453,141
30071,4139,1155
30073,6081,1684
30075,1610,534
30077,6852,1842
30079,1325,462
30081,41387,13513
30083,11405,2372
30085,11218,1796
30087,9292,1891
30089,11414,4282
30091,3568,1075
30093,34514,8536
30095,9342,2685
30097,3646,1290
30099,6040,1756
30101,5031,1261
30103,790,262
30105,7561,2163
30107,2108,537
30109,1121,380
30111,156332,34804
31001,31564,7465
31003,6406,1958
31005,421,112
31007,728,184
31009,502,164
31011,5357,1632
31013,11200,2881
31015,2049,704
31017,3058,1042
31019,48834,9288
31021,6546,2059
31023,8105,2184
31025,25513,5904
31027,8561,2423
31029,3803,1112
31031,5792,1699
31033,10012,2396
31035,6264,1617
31037,10616,1928
31039,9039,2467
31041,10836,3058
31043,20529,3746
31045,8972,2181
31047,23925,4804
31049,1901,600
31051,5765,1552
31053,36576,9091
31055,549706,95539
31057,2017,546
31059,5603,1687
31061,3019,1067
31063,2624,840
31065,4814,1514
31067,21632,5923
31069,1913,650
31071,1958,734
31073,2019,614
31075,682,213
31077,2436,760
31079,61233,11885
31081,9149,2394
31083,3469,1149
31085,957,294
31087,2860,867
31089,10293,2986
31091,684,316
31093,6385,1788
31095,7276,2404
31097,5200,1335
31099,6547,1735
31101,8129,2712
31103,720,230
31105,3688,1160
31107,8496,2628
31109,306357,55100
31111,35569,8746
31113,919,229
31115,537,172
31117,432,115
31119,35062,7213
31121,7829,2144
31123,4903,1322
31125,3569,1046
31127,7041,1894
31129,4318,1511
31131,15875,4084
31133,2704,885
31135,2904,883
31137,9163,2410
31139,7175,1814
31141,32875,7783
31143,5244,1551
31145,10870,2755
31147,8045,2480
31149,1381,505
31151,14325,2883
31153,175188,26946
31155,20953,5028
31157,36509,9022
31159,17045,3968
31161,5241,1703
31163,3048,1003
31165,1256,415
31167,6020,1401
31169,5133,1792
31171,643,195
31173,7055,1213
31175,4252,1353
31177,20414,4635
31179,9409,1963
31181,3597,1110
31183,846,289
31185,13832,3577
32001,24022,5694
32003,2112436,405618
32005,47632,16331
32007,52377,8008
32009,1102,386
32011,1728,452
32013,17088,3163
32015,5887,1155
32017,5203,1418
32019,52303,14565
32021,4471,1341
32023,43296,15960
32027,6661,1468
32029,3891,1510
32031,445551,95558
32033,9858,2291
32510,54219,14410
33001,60383,17260
33003,47524,16281
33005,76109,19389
33007,32119,9795
33009,89280,23734
33011,406371,84563
33013,147958,34833
33015,302479,69798
33017,126552,25034
33019,43073,11885
34001,272926,62613
34003,937920,211672
34005,449192,98530
34007,510996,104370
34009,94549,31925
34011,154952,30141
34013,800401,146732
34015,291372,60833
34017,679756,109974
34019,125717,30279
34021,373362,75299
34023,837288,164627
34025,627551,142622
34027,498847,110520
34029,589699,167321
34031,510563,98279
34033,63776,15640
34035,333316,67698
34037,143570,32694
34039,557320,106249
34041,107088,24579
35001,674855,140933
35003,3547,1793
35005,65454,13924
35006,27049,5804
35007,12522,4281
35009,50283,8363
35011,2016,480
35013,213849,41981
35015,56793,11808
35017,28382,9026
35019,4426,1149
35021,546,259
35023,4446,1233
35025,69505,10775
35027,19497,6880
35028,18031,4309
35029,24319,6445
35031,72849,11923
35033,4605,1391
35035,65130,14360
35037,8447,2671
35039,39455,9932
35041,19313,3425
35043,138815,30925
35045,128221,23922
35047,28203,7333
35049,147514,42681
35051,11254,4961
35053,17098,4106
35055,32809,10333
35057,15534,4251
35059,4216,1032
35061,75845,17086
36001,308580,67673
36003,47400,11338
36005,1455846,243010
36007,196124,47891
36009,78175,19443
36011,78319,19140
36013,130846,33458
36015,86883,21007
36017,48763,12688
36019,81224,17868
36021,61481,18429
36023,48334,10162
36025,45950,14201
36027,295685,66971
36029,923995,216391
36031,38233,11100
36033,51054,11559
36035,53955,13782
36037,58537,13935
36039,47791,13422
36041,4646,1721
36043,62943,16310
36045,116567,19760
36047,2635121,476741
36049,26845,6305
36051,64373,14878
36053,71760,16941
36055,748680,166403
36057,49500,11948
36059,1363069,318040
36061,1653877,344283
36063,212675,52917
36065,232324,56184
36067,467669,103054
36069,109491,27978
36071,378174,70347
36073,41584,9631
36075,119833,25826
36077,60750,16165
36079,99464,22683
36081,2339280,470619
36083,159800,35905
36085,475948,101941
36087,325027,66379
36089,110817,24432
36091,226632,52232
36093,155239,34957
36095,31611,8559
36097,18112,4831
36099,34843,8362
36101,97539,24270
36103,1497595,326104
36105,75783,18426
36107,49322,12444
36109,104415,18998
36111,180129,45203
36113,64701,17940
36115,62183,15438
36117,91442,22194
36119,975321,214443
36121,40886,9523
36123,25083,6750
37001,157844,35388
37003,37159,9162
37005,10935,3618
37007,25531,5848
37009,26833,8552
37011,17535,4821
37013,47316,14046
37015,19913,5537
37017,34130,9534
37019,122586,46285
37021,252268,64710
37023,88898,23258
37025,196716,35521
37027,81805,20816
37029,10336,2164
37031,68699,21116
37033,22833,6116
37035,156182,35455
37037,68364,20511
37039,27463,9952
37041,14370,4452
37043,10753,4115
37045,97038,23687
37047,56589,14110
37049,103374,24450
37051,332766,52166
37053,25247,5686
37055,35412,9885
37057,164118,37797
37059,41766,11078
37061,59350,13785
37063,300865,51648
37065,54032,13212
37067,368362,76042
37069,63866,14275
37071,214049,46215
37073,11601,2897
37075,8607,2550
37077,58503,13167
37079,21059,4490
37081,517197,102558
37083,52300,13866
37085,128753,21027
37087,59854,18819
37089,112156,35451
37091,24262,6311
37093,52571,7093
37095,5507,1276
37097,169798,34692
37099,41725,10654
37101,186308,33619
37103,9776,2653
37105,59805,12481
37107,57934,14708
37109,80504,18644
37111,45069,11491
37113,34160,12106
37115,21347,6084
37117,23227,6835
37119,1034290,156489
37121,15155,4846
37123,27445,7131
37125,94191,28522
37127,94125,22363
37129,219866,48907
37131,20426,6480
37133,192685,22983
37135,141812,25896
37137,12803,4684
37139,39546,8584
37141,57630,13694
37143,13506,4652
37145,39240,9982
37147,176484,30269
37149,20434,7657
37151,142827,32782
37153,45447,10922
37155,134187,26448
37157,91566,24175
37159,138940,31195
37161,66523,18012
37163,63664,14291
37165,35445,8246
37167,60875,14861
37169,46124,12165
37171,72315,18749
37173,14208,3584
37175,33291,12332
37177,4090,1372
37179,222095,36152
37181,44420,10563
37183,1023811,157546
37185,20190,6367
37187,12331,3689
37189,53421,11059
37191,124496,26321
37193,68525,18236
37195,81379,19331
37197,37825,9707
37199,17605,5605
38001,2368,743
38003,10971,3118
38005,6875,1327
38007,983,250
38009,6651,2058
38011,3226,933
38013,2253,513
38015,92372,18957
38017,170620,27710
38019,3817,1265
38021,5041,1425
38023,2378,830
38025,4349,1079
38027,2321,667
38029,3389,1194
38031,3318,956
38033,1892,514
38035,70130,11680
38037,2387,877
38039,2276,851
38041,2601,875
38043,2457,675
38045,4106,1302
38047,1932,723
38049,5951,1606
38051,2680,1056
38053,11679,1663
38055,9607,2983
38057,8637,2209
38059,30059,6275
38061,9986,1616
38063,2971,1067
38065,1822,608
38067,7050,2133
38069,4272,1309
38071,11574,2909
38073,5411,1514
38075,2543,613
38077,16333,3866
38079,14657,2206
38081,3883,1148
38083,1403,498
38085,4420,542
38087,674,232
38089,30316,5319
38091,1915,604
38093,21058,5310
38095,2258,735
38097,8050,2056
38099,10920,2923
38101,69628,11458
38103,4089,1423
38105,32916,4852
39001,27926,6379
39003,104157,24080
39005,53299,12790
39007,98622,25127
39009,65563,11147
39011,45778,10738
39013,68889,18587
39015,43799,10056
39017,375702,73222
39019,27825,7474
39021,39005,9346
39023,135520,33970
39025,202166,43133
39027,41869,9347
39029,104584,27542
39031,36602,9240
39033,42231,11322
39035,1257401,297844
39037,51919,13217
39039,38311,9084
39041,193024,34052
39043,75369,20550
39045,151526,31843
39047,28659,6536
39049,1253507,205767
39051,42296,9768
39053,30203,7248
39055,93895,23672
39057,164825,36821
39059,39414,10004
39061,808703,169087
39063,75508,16816
39065,31576,6608
39067,15397,4297
39069,27463,6575
39071,43031,10469
39073,28547,7036
39075,43808,7689
39077,58497,13292
39079,32624,7195
39081,67349,18775
39083,60945,14197
39085,229701,58488
39087,61057,14970
39089,170678,36737
39091,45323,11070
39093,305405,71677
39095,433404,92861
39097,43732,8744
39099,231857,62316
39101,65483,15039
39103,176362,40244
39105,23234,5978
39107,40723,9546
39109,104081,25472
39111,14239,4128
39113,531987,124285
39115,14773,4162
39117,34935,8133
39119,85933,20112
39121,14498,4882
39123,40769,12744
39125,18951,4622
39127,35983,8197
39129,57075,11657
39131,28291,6786
39133,162080,34412
39135,41328,9917
39137,34037,7762
39139,121533,30674
39141,77125,16764
39143,59559,14131
39145,76871,17977
39147,55549,13111
39149,48902,10525
39151,374273,94437
39153,541318,126698
39155,203341,55450
39157,92531,23202
39159,54688,8714
39161,28262,6946
39163,13142,2934
39165,223868,42520
39167,60871,16090
39169,115915,26488
39171,37061,9106
39173,129504,25640
39175,22190,5467
40001,22136,4650
40003,5877,1503
40005,13899,3468
40007,5445,1333
40009,22971,4406
40011,9680,2357
40013,45068,10589
40015,29437,6475
40017,132922,23558
40019,48407,10584
40021,48404,10095
40023,14979,3990
40025,2221,693
40027,274024,47856
40029,5666,1536
40031,123066,20343
40033,6000,1584
40035,14563,3706
40037,70899,16589
40039,29169,5338
40041,41878,13064
40043,4904,1226
40045,4102,1162
40047,62421,13092
40049,27751,6609
40051,54351,11298
40053,4458,1263
40055,6018,1349
40057,2758,720
40059,3843,963
40061,12746,3332
40063,13519,3354
40065,25574,4799
40067,6270,1681
40069,11039,2703
40071,45173,11238
40073,15510,3176
40075,9127,2493
40077,10621,2798
40079,49860,11673
40081,34759,8429
40083,45326,9257
40085,9843,2454
40087,37919,7891
40089,33026,7755
40091,19874,6489
40093,7730,2064
40095,16226,4545
40097,40929,10002
40099,13797,3407
40101,69471,15273
40103,11421,2862
40105,10448,2710
40107,12160,2764
40109,774203,140665
40111,39121,9272
40113,47350,11772
40115,31725,7607
40117,16448,4188
40119,80634,13033
40121,44673,11478
40123,38289,8264
40125,71614,15322
40127,11132,3171
40129,3734,894
40131,90098,19479
40133,25246,5943
40135,41364,9667
40137,44293,10951
40139,21409,3404
40141,7591,1985
40143,637123,120771
40145,76830,16229
40147,51867,12914
40149,11550,2659
40151,9132,2000
40153,21140,4043
41001,15980,5273
41003,88249,18413
41005,399962,94656
41007,38021,10800
41009,50207,13196
41011,62921,21217
41013,21717,7028
41015,22377,9463
41017,175321,45371
41019,107576,35360
41021,1910,674
41023,7209,2694
41025,7195,2275
41027,22938,4867
41029,212070,60113
41031,22707,5825
41033,84514,28339
41035,66018,18095
41037,7807,2505
41039,363471,90330
41041,47307,17261
41043,121074,29548
41045,30421,6727
41047,330453,68700
41049,11153,2515
41051,788459,143926
41053,79666,18539
41055,1635,536
41057,25840,8856
41059,76736,15752
41061,25810,6683
41063,6864,2625
41065,25687,6940
41067,572071,100693
41069,1415,629
41071,102366,22508
42001,101589,26312
42003,1229605,303430
42005,66737,18721
42007,168161,45796
42009,48891,14259
42011,415500,93051
42013,124736,33231
42015,61546,16679
42017,626486,151809
42019,185984,44846
42021,135871,39200
42023,4754,1626
42025,63987,17239
42027,160646,29386
42029,514652,109411
42031,38747,9831
42033,80539,21111
42035,39321,9199
42037,66615,16359
42039,86847,22995
42041,245801,58099
42043,273329,61034
42045,563384,123831
42047,30781,8608
42049,277794,63334
42051,133160,36302
42053,7388,1971
42055,153003,38030
42057,14631,3928
42059,37338,9105
42061,45686,11826
42063,86551,21114
42065,44258,11961
42067,24448,6272
42069,211960,54892
42071,536494,122633
42073,88231,25000
42075,137616,34280
42077,360774,80015
42079,318222,82489
42081,115398,28691
42083,42070,10418
42085,113623,31083
42087,46452,12596
42089,167306,37614
42091,818677,190034
42093,18302,5047
42095,300941,74273
42097,93038,24903
42099,45878,11279
42101,1569657,287348
42103,55687,15643
42105,17070,5099
42107,144287,38502
42109,40570,9628
42111,75619,21498
42113,6192,2237
42115,41716,11975
42117,41550,11363
42119,45056,10058
42121,52880,15253
42123,40345,11948
42125,207661,55472
42127,51656,15447
42129,356835,103773
42131,27760,7271
42133,442216,99386
44001,49028,12397
44003,164012,40477
44005,83204,22925
44007,633704,128527
44009,126190,33367
45001,24788,7042
45003,165707,41209
45005,9402,2374
45007,194174,45832
45009,14842,3897
45011,21788,4999
45013,179316,56939
45015,204632,37127
45017,14808,4258
45019,387847,82073
45021,56549,12263
45023,32424,7881
45025,46127,10606
45027,34156,10223
45029,37581,9996
45031,67572,16204
45033,31073,6605
45035,151716,28002
45037,26620,6610
45039,22868,6384
45041,138537,30487
45043,61065,20484
45045,490332,100264
45047,69981,16269
45049,20066,4776
45051,310186,90290
45053,27465,6289
45055,63734,15574
45057,86544,22468
45059,66508,16065
45061,17897,4150
45063,281870,59280
45065,9694,3905
45067,31765,8483
45069,27505,6373
45071,37914,9371
45073,75926,22702
45075,89116,22393
45077,121449,25531
45079,404869,68651
45081,20228,4901
45083,297732,63159
45085,107379,22798
45087,27772,7465
45089,32256,8243
45091,251664,48997
46003,2739,732
46005,18163,4501
46007,3440,601
46009,6972,1925
46011,33697,5479
46013,38637,8651
46015,5280,1351
46017,2048,240
46019,10194,2751
46021,1443,487
46023,9319,2183
46025,3642,1071
46027,13907,2187
46029,27963,6325
46031,4177,665
46033,8519,3144
46035,19753,4889
46037,5524,1761
46039,4282,1232
46041,5709,776
46043,2940,884
46045,3971,1113
46047,6783,2370
46049,2327,716
46051,7133,2044
46053,4209,1353
46055,2084,605
46057,5911,1301
46059,3303,1048
46061,3404,758
46063,1281,338
46065,17572,4017
46067,7277,2187
46069,1373,424
46071,3275,660
46073,2034,670
46075,740,252
46077,5000,1532
46079,12350,3478
46081,25018,6595
46083,53147,8390
46085,3882,850
46087,5515,1423
46089,2366,820
46091,4759,1287
46093,27066,5515
46095,2062,457
46097,2255,606
46099,183660,32585
46101,6496,1527
46102,14291,1355
46103,108126,24271
46105,2964,874
46107,2318,860
46109,10250,2568
46111,2366,686
46115,6478,1753
46117,2994,852
46119,1390,375
46121,10016,1102
46123,5480,1628
46125,8242,2273
46127,14929,3448
46129,5502,1683
46135,22660,5565
46137,2837,347
47001,75538,19563
47003,46854,9596
47005,16154,4936
47007,14413,3372
47009,127135,32770
47011,103666,22968
47013,39824,10474
47015,13839,3426
47017,28137,7284
47019,56500,15434
47021,39713,7818
47023,17097,3805
47025,31566,8189
47027,7684,2417
47029,35262,9766
47031,54074,12449
47033,14554,3458
47035,58178,21229
47037,678322,113356
47039,11681,3532
47041,19380,4748
47043,51341,10824
47045,37751,8344
47047,39336,10782
47049,17940,5028
47051,41397,10550
47053,49222,11692
47055,29024,7499
47057,22942,6025
47059,68520,18918
47061,13359,3484
47063,63465,14917
47065,354589,81748
47067,6605,1714
47069,25784,6150
47071,25813,7483
47073,56402,14964
47075,17944,4298
47077,27889,6460
47079,32263,9544
47081,24502,5677
47083,8188,2113
47085,18281,4794
47087,11573,3398
47089,52887,13602
47091,17846,5169
47093,452286,93686
47095,7588,1586
47097,26497,5499
47099,42591,9973
47101,11944,3517
47103,33543,8761
47105,51024,16724
47107,52569,13164
47109,25945,6985
47111,23239,5106
47113,97887,21289
47115,28355,7204
47117,31753,7297
47119,87606,18777
47121,11830,3343
47123,45698,12263
47125,192120,25156
47127,6302,1856
47129,21639,5004
47131,30659,7883
47133,21995,5857
47135,7882,2130
47137,5071,1699
47139,16722,4308
47141,75565,16721
47143,32478,7787
47145,52926,15778
47147,68575,13369
47149,298456,42641
47151,21949,4657
47153,14654,3703
47155,95523,23741
47157,937847,169553
47159,19279,4324
47161,13248,3586
47163,156519,44012
47165,175730,36997
47167,61434,11660
47169,8773,1811
47171,17830,5164
47173,19176,4587
47175,5675,1717
47177,40210,9356
47179,126437,29936
47181,16713,4139
47183,33776,8009
47185,26394,7108
47187,212161,37356
47189,128874,27113
48001,57747,11434
48003,17577,2585
48005,87700,18271
48007,24832,8314
48009,8793,2350
48011,1929,516
48013,48139,9558
48015,29292,7305
48017,7098,1519
48019,21316,7519
48021,80306,16787
48023,3602,1088
48025,32729,5168
48027,336506,47766
48029,1892004,307269
48031,11089,3806
48033,602,171
48035,17955,5546
48037,93635,20099
48039,345995,57101
48041,214231,26525
48043,9220,2537
48045,1591,477
48047,7251,1388
48049,37787,9428
48051,17596,4934
48053,45017,12977
48055,40544,7589
48057,21821,4869
48059,13660,3649
48061,420201,71392
48063,12670,3038
48065,6033,1413
48067,30118,8380
48069,7891,1688
48071,39283,6340
48073,51594,11992
48075,7064,1464
48077,10369,3112
48079,2932,583
48081,3238,1085
48083,8422,2576
48085,914075,135322
48087,3026,771
48089,20913,6209
48091,129100,32206
48093,13492,4297
48095,3858,883
48097,39064,9693
48099,75818,9667
48101,1498,465
48103,4836,798
48105,3836,907
48107,5895,1379
48109,2257,586
48111,7207,1139
48113,2552213,377154
48115,13095,2510
48117,18947,3234
48119,5172,1497
48121,781321,106598
48123,20474,5292
48125,2224,661
48127,10822,2302
48129,3433,1073
48131,11434,2513
48133,18278,5417
48135,155744,21622
48137,2111,758
48139,164092,29137
48141,834825,133011
48143,41016,7785
48145,17289,4004
48147,33787,8521
48149,24963,7816
48151,3875,1176
48153,5953,1439
48155,1414,454
48157,711421,107897
48159,10639,2950
48161,19646,5012
48163,19110,3334
48165,19889,2513
48167,321184,62311
48169,6739,1035
48171,25939,9675
48173,1420,324
48175,7510,2153
48177,20558,4490
48179,22962,4745
48181,126146,29807
48183,123402,24309
48185,27358,6472
48187,150889,27355
48189,34527,6124
48191,3102,955
48193,8220,2691
48195,5532,1099
48197,3990,1077
48199,55993,12351
48201,4525519,651673
48203,66606,14535
48205,5821,1074
48207,5806,1740
48209,194843,29297
48211,4152,734
48213,79687,22345
48215,839539,119536
48217,35098,9352
48219,23273,4565
48221,55418,17518
48223,35929,8258
48225,22849,6319
48227,36491,6475
48229,3702,822
48231,90322,19359
48233,21704,4709
48235,1592,422
48237,8839,1896
48239,14756,3317
48241,35444,8797
48243,2236,965
48245,254574,49559
48247,5262,1372
48249,41318,8333
48251,160173,30241
48253,19969,3893
48255,15051,2900
48257,114852,19451
48259,40306,10163
48261,564,89
48263,680,229
48265,50761,17362
48267,4432,1738
48269,289,32
48271,3631,854
48273,31540,5398
48275,3753,948
48277,49401,12011
48279,13368,2865
48281,20473,5172
48283,7418,1516
48285,19859,6001
48287,16850,4236
48289,16966,5181
48291,79884,14641
48293,23480,5738
48295,3495,732
48297,12043,3164
48299,20195,9184
48301,74,29
48303,298042,49312
48305,5785,1293
48307,8145,2448
48309,245720,46694
48311,600,185
48313,13979,2846
48315,10140,3384
48317,5547,899
48319,4122,1351
48321,36744,8504
48323,57471,8834
48325,48548,10696
48327,2123,708
48329,159883,24676
48331,24479,6636
48333,4887,1716
48335,8774,1647
48337,19406,5647
48339,535187,96577
48341,22016,3264
48343,12530,3505
48345,1114,354
48347,65411,11946
48349,48239,10925
48351,14187,3871
48353,14990,3544
48355,358484,68411
48357,10484,1503
48359,2083,388
48361,83909,17601
48363,28109,7221
48365,23574,5727
48367,125963,26729
48369,9871,1826
48371,15804,2754
48373,46974,12746
48375,121230,19850
48377,7191,1986
48379,11246,3375
48381,130552,25788
48383,3735,608
48385,3358,1378
48387,12353,3684
48389,14791,2482
48391,7293,1985
48393,889,255
48395,16727,4255
48397,90414,14954
48399,10266,2816
48401,53026,11467
48403,10429,3930
48405,8403,2707
48407,27436,7726
48409,66867,12717
48411,5851,1673
48413,3122,711
48415,17346,3440
48417,3348,781
48419,25689,5778
48421,3067,630
48423,222277,47438
48425,8650,2134
48427,63420,9636
48429,9365,2425
48431,1139,217
48433,1084,369
48435,3894,904
48437,7541,1817
48439,1983675,306980
48441,135371,25874
48443,721,282
48445,12755,2635
48447,1541,518
48449,32664,6098
48451,116906,23527
48453,1176584,160972
48455,14481,5058
48457,21456,5960
48459,40506,9637
48461,3575,636
48463,27015,6046
48465,48976,9283
48467,53607,14526
48469,91518,19189
48471,70818,11996
48473,48443,7862
48475,11498,2149
48477,34667,9303
48479,269624,34315
48481,41430,9080
48483,5599,1286
48485,131778,25521
48487,12972,2900
48489,21839,3957
48491,508313,81426
48493,47205,10123
48495,7777,1204
48497,63247,13012
48499,43315,14771
48501,8481,1306
48503,18166,4758
48505,14415,2414
48507,12152,2252
49001,6414,1215
49003,52182,9213
49005,120288,15104
49007,20512,4558
49009,702,156
49011,334977,45623
49013,20259,3119
49015,10410,2278
49017,5020,1314
49019,9544,2258
49021,48504,7853
49023,10694,1708
49025,7246,2156
49027,12651,2764
49029,11014,1842
49031,1860,657
49033,2307,491
49035,1106700,164497
49037,15193,2833
49039,28892,5043
49041,20961,4522
49043,39731,6731
49045,63357,8290
49047,36343,4899
49049,576496,59457
49051,29306,4220
49053,155577,40002
49055,2700,712
49057,244101,38967
50001,36825,9459
50003,36054,10413
50005,30576,8308
50007,160985,31691
50009,6203,2017
50011,48816,10296
50013,6950,1982
50015,25191,5651
50017,28901,7904
50019,26951,7930
50021,59676,16414
50023,58691,15091
50025,43332,12533
50027,55485,16500
51001,32840,9713
51003,105105,24260
51005,15489,4783
51007,12802,3301
51009,31819,8552
51011,15462,4077
51013,229534,32701
51015,74390,19681
51017,4458,1200
51019,77319,21440
51021,6524,1834
51023,33149,9316
51025,16435,4495
51027,22611,6055
51029,17048,4020
51031,55158,13887
51033,29889,6464
51035,29767,8816
51036,7022,2156
51037,12176,3671
51041,335594,65652
51043,14331,3666
51045,5131,1476
51047,49795,10197
51049,9797,2590
51051,15181,4171
51053,28033,6361
51057,11083,3102
51059,1142004,205097
51061,68406,15267
51063,15594,4593
51065,26109,6641
51067,56277,16636
51069,83784,17641
51071,16867,4744
51073,37035,9239
51075,22148,6309
51077,15708,4703
51079,19213,4356
51081,11606,2403
51083,35030,10489
51085,103218,23448
51087,324073,65204
51089,51956,15335
51091,2213,1144
51093,36090,9254
51095,73028,22611
51097,7052,2107
51099,25564,4530
51101,16329,3605
51103,10848,4693
51105,24428,6175
51107,374558,46809
51109,34813,9238
51111,12369,3504
51113,13108,3779
51115,8830,3293
51117,30959,9967
51119,10710,4271
51121,97692,16371
51125,14863,5121
51127,20523,4832
51131,11998,4032
51133,12254,5416
51135,15537,3814
51137,35265,9382
51139,23694,6578
51141,17958,5697
51143,61970,17512
51145,28364,6652
51147,22903,5017
51149,37704,6858
51153,450763,60739
51155,34330,9988
51157,7359,2467
51159,8873,2400
51161,93419,25341
51163,22440,7345
51165,78653,18979
51167,27725,7582
51169,22290,6831
51171,42854,11604
51173,31298,8800
51175,18089,4637
51177,130159,23288
51179,141159,19771
51181,6670,1840
51183,11595,2584
51185,42689,11682
51187,38991,8490
51191,54457,15381
51193,17596,5792
51195,39539,9345
51197,29048,8014
51199,67196,14070
51510,154710,23816
51520,17077,4481
51530,6495,1486
51540,46487,6753
51550,235410,41793
51570,17582,4585
51580,5675,1681
51590,41911,11358
51595,5495,1252
51600,23580,4687
51610,13843,2660
51620,8334,2300
51630,28135,4113
51640,6788,2026
51650,136255,27165
51660,53064,6611
51670,22353,4703
51678,7113,1303
51680,79237,14774
51683,41379,5755
51685,16117,1822
51690,13256,3469
51700,180775,31311
51710,245752,36773
51720,4043,1034
51730,32037,7475
51735,12022,2958
51740,95536,19091
51750,17380,2037
51760,220892,39776
51770,99572,22026
51775,25521,6421
51790,24273,6341
51800,88057,17315
51810,450057,81616
51820,21620,5038
51830,14817,2733
51840,27516,5865
53001,19261,2912
53003,22259,6373
53005,190529,37874
53007,75138,18408
53009,73439,26654
53011,457474,92850
53013,3999,1371
53015,103590,26255
53017,40585,9148
53019,7568,2554
53021,89124,11049
53023,2226,729
53025,93420,17194
53027,71454,19476
53029,80323,24585
53031,30524,13626
53033,2118119,386511
53035,258903,59433
53037,43726,9312
53039,21172,6449
53041,76012,20549
53043,10344,3325
53045,61569,18441
53047,41377,11602
53049,20940,8028
53051,13066,4439
53053,845193,157501
53055,16221,6649
53057,121725,31915
53059,11498,3238
53061,771904,143234
53063,490764,105082
53065,43858,13171
53067,269885,60028
53069,4105,1698
53071,59862,13443
53073,212738,47353
53075,47794,6710
53077,248279,44560
54001,16790,4433
54003,111610,21894
54005,23236,5945
54007,14345,4105
54009,23067,6816
54011,96100,22787
54013,7450,2279
54015,8901,2226
54017,8570,2461
54019,44602,12150
54021,8305,1817
54023,11673,3470
54025,35523,10528
54027,23412,6811
54029,29921,8634
54031,13812,3692
54033,68438,17201
54035,29123,7844
54037,55673,11916
54039,187827,49628
54041,16371,4386
54043,21241,5184
54045,34428,8559
54047,19707,5272
54049,56575,14663
54051,32006,9258
54053,27000,7153
54055,60963,16998
54057,27421,7414
54059,25150,6170
54061,103715,16742
54063,13517,4299
54065,17510,5135
54067,25496,7413
54069,42906,12039
54071,7138,2313
54073,7527,1842
54075,8574,2770
54077,33760,8739
54079,56644,13622
54081,77097,20258
54083,29152,7914
54085,10005,2814
54087,14348,4117
54089,13210,4109
54091,16977,4555
54093,7035,2245
54095,8949,2551
54097,24604,6359
54099,41063,10695
54101,8637,2560
54103,15793,4523
54105,5800,1441
54107,86016,22379
54109,22130,6172
55001,20111,7417
55003,15779,4029
55005,45358,12648
55007,15004,5390
55009,258004,49706
55011,13243,3806
55013,15239,5563
55015,49737,9760
55017,63445,14882
55019,34513,7761
55021,56790,13488
55023,16313,4623
55025,522837,93985
55027,87833,20377
55029,27443,10267
55031,43503,10444
55033,44260,9015
55035,102388,20349
55037,4354,1446
55039,102082,24000
55041,9035,2759
55043,51742,11571
55045,36869,8908
55047,18745,5437
55049,23576,5649
55051,5748,2170
55053,20531,5137
55055,84586,18308
55057,26427,7133
55059,167886,31603
55061,20378,5256
55063,117582,24464
55065,16755,4075
55067,19190,5568
55069,27994,7702
55071,79680,20684
55073,135293,30856
55075,40712,12297
55077,15164,4784
55078,4506,816
55079,956586,173173
55081,45303,10280
55083,37465,10126
55085,35352,11792
55087,183288,35410
55089,87817,21950
55091,7282,2115
55093,41226,8070
55095,43328,11630
55097,70371,15091
55099,13566,4514
55101,195101,42061
55103,17626,5148
55105,161226,34912
55107,14211,4413
55109,87142,16229
55111,63340,15064
55113,16384,5431
55115,41136,11054
55117,115094,27003
55119,20344,5080
55121,29510,6978
55123,30378,7781
55125,21465,8398
55127,102917,22640
55129,15638,5285
55131,133967,30378
55133,396731,95193
55135,51651,13904
55137,24170,7579
55139,169540,35586
55141,73427,18838
56001,37944,5887
56003,11920,3267
56005,48116,6482
56007,15689,3421
56009,14166,2972
56011,7347,1964
56013,40354,9748
56015,13479,3710
56017,4741,1646
56019,8562,2495
56021,97031,20072
56023,18791,4254
56025,81023,16036
56027,2479,625
56029,29276,8475
56031,8703,2755
56033,29964,8337
56035,10037,2292
56037,44527,7015
56039,22923,4298
56041,20758,3554
56043,8253,2206
56045,7117,2073