REGION TYPE,REGION,YEAR,WEEK,TOTAL SPECIMENS,PERCENT POSITIVE,A (2009 H1N1),A (H1),A (H3),A (Subtyping not Performed),A (Unable to Subtype),B,H3N2v
National,X,1997,40,1291,0,0,0,0,0,0,0,0
National,X,1997,41,1513,0.727032,0,0,0,11,0,0,0
National,X,1997,42,1552,1.09536,0,0,3,13,0,1,0
National,X,1997,43,1669,0.419413,0,0,0,7,0,0,0
National,X,1997,44,1897,0.527148,0,0,9,1,0,0,0
National,X,1997,45,2106,0.2849,0,0,0,6,0,0,0
National,X,1997,46,2204,0.362976,0,0,3,4,0,1,0
National,X,1997,47,2533,0.908014,0,0,5,17,0,1,0
National,X,1997,48,2242,1.65031,0,0,14,22,0,1,0
National,X,1997,49,2607,1.53433,0,0,11,28,0,1,0
National,X,1997,50,3086,3.17563,0,0,37,59,0,2,0
National,X,1997,51,3410,7.1261,0,0,84,159,0,0,0
National,X,1997,52,3349,12.6008,0,0,111,311,0,0,0
National,X,1997,53,4402,17.9464,0,1,161,627,0,1,0
National,X,1998,1,5294,19.3049,0,0,211,808,0,3,0
National,X,1998,2,5501,20.9235,0,3,281,863,0,4,0
National,X,1998,3,6196,25.6133,0,1,453,1132,0,1,0
National,X,1998,4,6730,28.0684,0,0,589,1299,0,1,0
National,X,1998,5,6288,26.7176,0,0,413,1266,0,1,0
National,X,1998,6,5867,24.3736,0,1,363,1061,0,5,0
National,X,1998,7,4904,20.1264,0,0,226,757,0,4,0
National,X,1998,8,3975,14.239,0,0,93,469,0,4,0
National,X,1998,9,3169,9.6876,0,0,63,241,0,3,0
National,X,1998,10,2658,7.5997,0,0,47,149,0,6,0
National,X,1998,11,2234,5.41629,0,0,30,86,0,5,0
National,X,1998,12,2048,4.10156,0,0,12,66,0,6,0
National,X,1998,13,1683,2.79263,0,0,11,29,0,7,0
National,X,1998,14,1532,2.21932,0,0,6,22,0,6,0
National,X,1998,15,1357,2.87399,0,0,0,27,0,12,0
National,X,1998,16,1421,1.47783,0,0,1,16,0,4,0
National,X,1998,17,1236,1.2945,0,0,1,9,0,6,0
National,X,1998,18,1142,1.40105,0,0,3,8,0,5,0
National,X,1998,19,1038,0.867052,0,0,0,5,0,4,0
National,X,1998,20,938,0.959488,0,0,0,2,0,7,0
National,X,1998,21,0,0,0,0,0,0,0,0,0
National,X,1998,22,0,0,0,0,0,0,0,0,0
National,X,1998,23,0,0,0,0,0,0,0,0,0
National,X,1998,24,0,0,0,0,0,0,0,0,0
National,X,1998,25,0,0,0,0,0,0,0,0,0
National,X,1998,26,0,0,0,0,0,0,0,0,0
National,X,1998,27,0,0,0,0,0,0,0,0,0
National,X,1998,28,0,0,0,0,0,0,0,0,0
National,X,1998,29,0,0,0,0,0,0,0,0,0
National,X,1998,30,0,0,0,0,0,0,0,0,0
National,X,1998,31,0,0,0,0,0,0,0,0,0
National,X,1998,32,0,0,0,0,0,0,0,0,0
National,X,1998,33,0,0,0,0,0,0,0,0,0
National,X,1998,34,0,0,0,0,0,0,0,0,0
National,X,1998,35,0,0,0,0,0,0,0,0,0
National,X,1998,36,0,0,0,0,0,0,0,0,0
National,X,1998,37,0,0,0,0,0,0,0,0,0
National,X,1998,38,0,0,0,0,0,0,0,0,0
National,X,1998,39,0,0,0,0,0,0,0,0,0
National,X,1998,40,1407,0.142146,0,0,2,0,0,0,0
National,X,1998,41,1453,0.344116,0,0,4,1,0,0,0
National,X,1998,42,1654,0.181378,0,1,0,2,0,0,0
National,X,1998,43,1814,0.330761,0,0,1,0,0,5,0
National,X,1998,44,2051,0.877621,0,0,12,6,0,0,0
National,X,1998,45,2222,0.630063,0,0,5,5,0,4,0
National,X,1998,46,2051,0.390054,0,0,4,0,0,4,0
National,X,1998,47,1809,0.939746,0,0,5,4,0,8,0
National,X,1998,48,2397,1.16813,0,0,11,6,0,11,0
National,X,1998,49,2432,1.85033,0,0,9,15,0,21,0
National,X,1998,50,2428,1.72982,0,1,12,15,0,14,0
National,X,1998,51,2207,3.76076,0,0,21,35,0,27,0
National,X,1998,52,2706,5.91279,0,1,47,81,0,31,0
National,X,1999,1,3524,9.39274,0,0,72,183,0,76,0
National,X,1999,2,3889,14.7596,0,1,151,311,0,111,0
National,X,1999,3,4262,20.2956,0,1,193,518,0,153,0
National,X,1999,4,5210,22.0729,0,1,222,658,0,269,0
National,X,1999,5,6143,27.3156,0,1,351,926,0,400,0
National,X,1999,6,6574,28.2933,0,2,317,1134,0,407,0
National,X,1999,7,6723,25.5094,0,9,262,1065,0,379,0
National,X,1999,8,6616,25.2267,0,1,250,1052,0,366,0
National,X,1999,9,5933,23.3777,0,1,184,868,0,334,0
National,X,1999,10,4289,20.5875,0,2,137,528,0,216,0
National,X,1999,11,4014,15.6203,0,5,100,346,0,176,0
National,X,1999,12,3242,14.3122,0,1,78,264,0,121,0
National,X,1999,13,2712,8.25959,0,0,42,121,0,61,0
National,X,1999,14,2222,7.92079,0,1,27,110,0,38,0
National,X,1999,15,1721,6.44974,0,1,15,75,0,20,0
National,X,1999,16,1368,2.63158,0,0,11,17,0,8,0
National,X,1999,17,1108,2.52708,0,0,5,20,0,3,0
National,X,1999,18,982,1.73116,0,0,3,10,0,4,0
National,X,1999,19,801,1.1236,0,0,0,5,0,4,0
National,X,1999,20,618,1.13269,0,0,0,6,0,1,0
National,X,1999,21,239,2.92887,0,0,0,7,0,0,0
National,X,1999,22,97,1.03093,0,0,0,1,0,0,0
National,X,1999,23,20,0,0,0,0,0,0,0,0
National,X,1999,24,0,0,0,0,0,0,0,0,0
National,X,1999,25,0,0,0,0,0,0,0,0,0
National,X,1999,26,0,0,0,0,0,0,0,0,0
National,X,1999,27,0,0,0,0,0,0,0,0,0
National,X,1999,28,0,0,0,0,0,0,0,0,0
National,X,1999,29,0,0,0,0,0,0,0,0,0
National,X,1999,30,0,0,0,0,0,0,0,0,0
National,X,1999,31,0,0,0,0,0,0,0,0,0
National,X,1999,32,0,0,0,0,0,0,0,0,0
National,X,1999,33,0,0,0,0,0,0,0,0,0
National,X,1999,34,0,0,0,0,0,0,0,0,0
National,X,1999,35,0,0,0,0,0,0,0,0,0
National,X,1999,36,0,0,0,0,0,0,0,0,0
National,X,1999,37,0,0,0,0,0,0,0,0,0
National,X,1999,38,0,0,0,0,0,0,0,0,0
National,X,1999,39,0,0,0,0,0,0,0,0,0
National,X,1999,40,1687,1.06698,0,0,11,7,0,0,0
National,X,1999,41,1883,1.06213,0,0,10,9,0,1,0
National,X,1999,42,2097,2.2413,0,0,18,26,0,3,0
National,X,1999,43,2162,2.63645,0,0,31,26,0,0,0
National,X,1999,44,2454,3.91198,0,0,60,34,0,2,0
National,X,1999,45,2576,5.74534,0,0,82,66,0,0,0
National,X,1999,46,2862,8.07128,0,0,137,94,0,0,0
National,X,1999,47,2709,10.5574,0,0,131,154,0,1,0
National,X,1999,48,3845,13.7061,0,0,207,320,0,0,0
National,X,1999,49,4422,19.109,0,2,189,653,0,1,0
National,X,1999,50,5597,23.3339,0,1,284,1017,0,4,0
National,X,1999,51,5575,30.9596,0,2,341,1382,0,1,0
National,X,1999,52,7323,29.3732,0,3,376,1768,0,4,0
National,X,2000,1,8423,24.9674,0,2,378,1722,0,1,0
National,X,2000,2,7722,21.3028,0,0,464,1179,0,2,0
National,X,2000,3,6242,16.7254,0,2,302,737,0,3,0
National,X,2000,4,5482,12.6779,0,3,244,443,0,5,0
National,X,2000,5,4550,10.6593,0,10,153,321,0,1,0
National,X,2000,6,4059,10.1503,0,7,126,275,0,4,0
National,X,2000,7,3523,7.46523,0,10,69,178,0,6,0
National,X,2000,8,3142,6.36537,0,18,41,132,0,9,0
National,X,2000,9,2698,3.70645,0,9,26,60,0,5,0
National,X,2000,10,2195,3.41686,0,22,18,29,0,6,0
National,X,2000,11,1960,2.70408,0,19,7,22,0,5,0
National,X,2000,12,1879,1.75625,0,13,1,16,0,3,0
National,X,2000,13,1708,1.22951,0,7,3,8,0,3,0
National,X,2000,14,1506,1.26162,0,6,1,8,0,4,0
National,X,2000,15,1294,1.70015,0,9,0,8,0,5,0
National,X,2000,16,1212,1.89769,0,3,5,10,0,5,0
National,X,2000,17,1108,1.44404,0,3,0,9,0,4,0
National,X,2000,18,1061,0.942507,0,2,0,2,0,6,0
National,X,2000,19,947,0.211193,0,0,0,1,0,1,0
National,X,2000,20,865,0.231214,0,0,0,0,0,2,0
National,X,2000,21,772,0.777202,0,2,0,2,0,2,0
National,X,2000,22,620,0.483871,0,1,0,2,0,0,0
National,X,2000,23,666,0.45045,0,0,0,1,0,2,0
National,X,2000,24,680,0.147059,0,0,0,0,0,1,0
National,X,2000,25,565,0,0,0,0,0,0,0,0
National,X,2000,26,551,0.181488,0,0,0,0,0,1,0
National,X,2000,27,26,0,0,0,0,0,0,0,0
National,X,2000,28,41,0,0,0,0,0,0,0,0
National,X,2000,29,28,0,0,0,0,0,0,0,0
National,X,2000,30,5,0,0,0,0,0,0,0,0
National,X,2000,31,1,0,0,0,0,0,0,0,0
National,X,2000,32,0,0,0,0,0,0,0,0,0
National,X,2000,33,0,0,0,0,0,0,0,0,0
National,X,2000,34,0,0,0,0,0,0,0,0,0
National,X,2000,35,0,0,0,0,0,0,0,0,0
National,X,2000,36,0,0,0,0,0,0,0,0,0
National,X,2000,37,0,0,0,0,0,0,0,0,0
National,X,2000,38,0,0,0,0,0,0,0,0,0
National,X,2000,39,0,0,0,0,0,0,0,0,0
National,X,2000,40,1387,0.0720981,0,0,0,0,0,1,0
National,X,2000,41,1490,0.268456,0,2,0,2,0,0,0
National,X,2000,42,1691,0.236546,0,1,0,1,0,2,0
National,X,2000,43,1683,0.831848,0,7,3,2,0,2,0
National,X,2000,44,1964,0.814664,0,10,1,2,0,3,0
National,X,2000,45,1862,1.98711,0,24,1,5,0,7,0
National,X,2000,46,2183,1.96977,0,17,1,12,0,13,0
National,X,2000,47,2201,3.49841,0,20,2,31,0,24,0
National,X,2000,48,2505,3.91218,0,31,1,30,0,36,0
National,X,2000,49,2841,5.66702,0,51,3,66,0,41,0
National,X,2000,50,3275,6.90076,0,61,3,107,0,55,0
National,X,2000,51,3370,11.6914,0,114,2,175,0,103,0
National,X,2000,52,3310,13.8671,0,118,0,209,0,132,0
National,X,2001,1,3821,13.3735,0,147,5,192,0,167,0
National,X,2001,2,4563,17.7953,0,203,5,329,0,275,0
National,X,2001,3,5121,22.1051,0,257,2,500,0,373,0
National,X,2001,4,5729,23.2152,0,286,5,550,0,489,0
National,X,2001,5,5914,20.9334,0,258,1,455,0,524,0
National,X,2001,6,5619,18.9891,0,186,3,291,0,587,0
National,X,2001,7,4920,15.4268,0,101,4,184,0,470,0
National,X,2001,8,4571,13.9357,0,74,5,121,0,437,0
National,X,2001,9,4321,11.4557,0,41,7,70,0,377,0
National,X,2001,10,3793,7.19747,0,36,1,39,0,197,0
National,X,2001,11,3368,5.90855,0,24,2,21,0,152,0
National,X,2001,12,3132,5.77905,0,6,3,19,0,153,0
National,X,2001,13,2788,4.3759,0,16,1,9,0,96,0
National,X,2001,14,2386,3.26907,0,5,0,5,0,68,0
National,X,2001,15,2020,2.22772,0,0,1,7,0,37,0
National,X,2001,16,1825,2.57534,0,2,0,1,0,44,0
National,X,2001,17,1640,1.28049,0,0,0,0,0,21,0
National,X,2001,18,1528,0.589005,0,0,0,1,0,8,0
National,X,2001,19,1359,0.515085,0,0,0,1,0,6,0
National,X,2001,20,1317,0.683371,0,0,0,0,0,9,0
National,X,2001,21,1125,0.0888889,0,0,0,1,0,0,0
National,X,2001,22,977,0.204708,0,0,0,2,0,0,0
National,X,2001,23,523,0.191205,0,1,0,0,0,0,0
National,X,2001,24,38,2.63158,0,0,0,1,0,0,0
National,X,2001,25,50,0,0,0,0,0,0,0,0
National,X,2001,26,52,0,0,0,0,0,0,0,0
National,X,2001,27,23,0,0,0,0,0,0,0,0
National,X,2001,28,37,0,0,0,0,0,0,0,0
National,X,2001,29,22,0,0,0,0,0,0,0,0
National,X,2001,30,26,0,0,0,0,0,0,0,0
National,X,2001,31,24,0,0,0,0,0,0,0,0
National,X,2001,32,24,0,0,0,0,0,0,0,0
National,X,2001,33,43,0,0,0,0,0,0,0,0
National,X,2001,34,34,0,0,0,0,0,0,0,0
National,X,2001,35,16,0,0,0,0,0,0,0,0
National,X,2001,36,19,0,0,0,0,0,0,0,0
National,X,2001,37,9,0,0,0,0,0,0,0,0
National,X,2001,38,7,0,0,0,0,0,0,0,0
National,X,2001,39,0,0,0,0,0,0,0,0,0
National,X,2001,40,1154,0.693241,0,0,4,3,0,1,0
National,X,2001,41,1415,0.353357,0,0,2,3,0,0,0
National,X,2001,42,1468,0.544959,0,0,3,5,0,0,0
National,X,2001,43,1583,1.07391,0,0,9,8,0,0,0
National,X,2001,44,1704,0.762911,0,1,6,6,0,0,0
National,X,2001,45,1843,0.705372,0,0,12,1,0,0,0
National,X,2001,46,2096,2.19466,0,0,37,8,0,1,0
National,X,2001,47,2052,1.60819,0,0,25,5,0,3,0
National,X,2001,48,2401,3.08205,0,0,50,23,0,1,0
National,X,2001,49,2331,3.5607,0,1,34,43,0,5,0
National,X,2001,50,2434,4.60148,0,2,39,69,0,2,0
National,X,2001,51,2915,5.7976,0,3,44,118,0,4,0
National,X,2001,52,2621,8.39374,0,0,51,168,0,1,0
National,X,2002,1,3531,9.74228,0,0,108,234,0,2,0
National,X,2002,2,3900,13.8462,0,0,144,390,0,6,0
National,X,2002,3,4696,19.7402,0,1,268,653,0,5,0
National,X,2002,4,5816,21.3721,0,4,387,840,0,12,0
National,X,2002,5,6466,22.7962,0,3,450,997,0,24,0
National,X,2002,6,7191,22.7924,0,6,613,1001,0,19,0
National,X,2002,7,7572,23.8642,0,4,615,1160,0,28,0
National,X,2002,8,7358,24.9117,0,11,538,1216,0,68,0
National,X,2002,9,6217,22.921,0,8,384,947,0,86,0
National,X,2002,10,5368,21.1811,0,7,264,730,0,136,0
National,X,2002,11,4337,18.5151,0,6,156,475,0,166,0
National,X,2002,12,3763,15.1209,0,2,103,254,0,210,0
National,X,2002,13,3332,13.7455,0,3,44,127,0,284,0
National,X,2002,14,2660,12.406,0,3,20,72,0,235,0
National,X,2002,15,2329,10.863,0,4,17,40,0,192,0
National,X,2002,16,2001,13.0935,0,6,18,12,0,226,0
National,X,2002,17,1820,8.57143,0,1,9,8,0,138,0
National,X,2002,18,1643,10.2252,0,1,11,7,0,149,0
National,X,2002,19,1655,8.76133,0,1,0,4,0,140,0
National,X,2002,20,1467,5.99864,0,1,0,1,0,86,0
National,X,2002,21,1302,4.91551,0,0,0,3,0,61,0
National,X,2002,22,995,3.61809,0,0,0,2,0,34,0
National,X,2002,23,948,2.74262,0,0,0,1,0,25,0
National,X,2002,24,850,0.823529,0,0,0,0,0,7,0
National,X,2002,25,692,0.289017,0,0,0,0,0,2,0
National,X,2002,26,700,0.571429,0,0,0,0,0,4,0
National,X,2002,27,490,0.408163,0,0,0,0,0,2,0
National,X,2002,28,591,0.169205,0,0,0,0,0,1,0
National,X,2002,29,578,0,0,0,0,0,0,0,0
National,X,2002,30,601,0.332779,0,0,0,1,0,1,0
National,X,2002,31,530,0,0,0,0,0,0,0,0
National,X,2002,32,566,0,0,0,0,0,0,0,0
National,X,2002,33,516,0,0,0,0,0,0,0,0
National,X,2002,34,533,0,0,0,0,0,0,0,0
National,X,2002,35,588,0.170068,0,0,0,0,0,1,0
National,X,2002,36,482,0,0,0,0,0,0,0,0
National,X,2002,37,561,0,0,0,0,0,0,0,0
National,X,2002,38,475,0.631579,0,0,1,1,0,1,0
National,X,2002,39,391,0.511509,0,0,0,0,0,2,0
National,X,2002,40,1443,0,0,0,0,0,0,0,0
National,X,2002,41,1517,0.197759,0,1,0,1,0,1,0
National,X,2002,42,1590,0,0,0,0,0,0,0,0
National,X,2002,43,1774,0.338219,0,4,0,1,0,1,0
National,X,2002,44,1636,0.366748,0,0,0,3,0,3,0
National,X,2002,45,1988,0.251509,0,0,2,0,0,3,0
National,X,2002,46,2107,0.474608,0,0,0,6,0,4,0
National,X,2002,47,2091,1.05213,0,2,0,4,0,16,0
National,X,2002,48,1900,0.789474,0,1,3,5,0,6,0
National,X,2002,49,2414,1.657,0,4,3,5,0,28,0
National,X,2002,50,2493,3.89089,0,8,2,14,0,73,0
National,X,2002,51,2910,6.56357,0,17,3,25,0,146,0
National,X,2002,52,2368,6.75676,0,17,6,18,0,119,0
National,X,2003,1,2632,5.6231,0,27,8,31,0,82,0
National,X,2003,2,2828,8.80481,0,50,19,46,0,134,0
National,X,2003,3,3108,11.4865,0,68,11,76,0,202,0
National,X,2003,4,3352,16.3186,0,105,24,142,0,276,0
National,X,2003,5,4166,20.4993,0,173,53,215,0,413,0
National,X,2003,6,4874,26.3644,0,279,76,332,0,598,0
National,X,2003,7,4676,25.3208,0,253,115,299,0,517,0
National,X,2003,8,4416,22.5543,0,253,126,249,0,368,0
National,X,2003,9,4348,22.2171,0,275,101,233,0,357,0
National,X,2003,10,3633,18.6898,0,199,87,179,0,214,0
National,X,2003,11,3422,17.1245,0,175,62,174,0,175,0
National,X,2003,12,3435,14.6434,0,169,77,133,0,124,0
National,X,2003,13,2820,9.96454,0,90,29,91,0,71,0
National,X,2003,14,2352,8.54592,0,40,32,88,0,41,0
National,X,2003,15,2131,5.1619,0,24,23,47,0,16,0
National,X,2003,16,1777,5.00844,0,13,20,33,0,23,0
National,X,2003,17,1406,4.12518,0,9,20,18,0,11,0
National,X,2003,18,1222,5.56465,0,16,16,16,0,20,0
National,X,2003,19,1121,2.49777,0,6,7,5,0,10,0
National,X,2003,20,931,2.04082,0,7,3,3,0,6,0
National,X,2003,21,872,1.83486,0,3,5,1,0,7,0
National,X,2003,22,705,0.851064,0,0,2,0,0,4,0
National,X,2003,23,721,1.80305,0,3,0,2,0,8,0
National,X,2003,24,683,1.02489,0,0,3,0,0,4,0
National,X,2003,25,551,0.725953,0,0,1,1,0,2,0
National,X,2003,26,439,0.455581,0,1,1,0,0,0,0
National,X,2003,27,643,0.155521,0,0,1,0,0,0,0
National,X,2003,28,632,0.474684,0,0,2,1,0,0,0
National,X,2003,29,697,0.573888,0,0,4,0,0,0,0
National,X,2003,30,636,0.628931,0,0,4,0,0,0,0
National,X,2003,31,632,1.26582,0,0,7,0,0,1,0
National,X,2003,32,632,0.316456,0,0,2,0,0,0,0
National,X,2003,33,761,0.394218,0,0,2,1,0,0,0
National,X,2003,34,649,0,0,0,0,0,0,0,0
National,X,2003,35,672,0,0,0,0,0,0,0,0
National,X,2003,36,512,0.390625,0,0,0,2,0,0,0
National,X,2003,37,604,0.165563,0,0,1,0,0,0,0
National,X,2003,38,535,0.373832,0,0,1,1,0,0,0
National,X,2003,39,414,0,0,0,0,0,0,0,0
National,X,2003,40,1430,1.53846,0,0,2,19,0,1,0
National,X,2003,41,1682,4.57788,0,0,3,74,0,0,0
National,X,2003,42,2176,11.6268,0,0,17,235,0,1,0
National,X,2003,43,2568,17.8349,0,0,56,398,0,4,0
National,X,2003,44,2753,19.4333,0,0,100,435,0,0,0
National,X,2003,45,3553,24.2612,0,1,273,585,0,3,0
National,X,2003,46,4595,28.0958,0,0,381,908,0,2,0
National,X,2003,47,5942,33.1202,0,0,585,1375,0,8,0
National,X,2003,48,6479,34.743,0,0,489,1752,0,10,0
National,X,2003,49,9598,34.0592,0,0,977,2260,0,32,0
National,X,2003,50,12422,32.9255,0,0,1401,2660,0,29,0
National,X,2003,51,11783,30.7986,0,0,1084,2525,0,20,0
National,X,2003,52,9748,24.7333,0,0,569,1826,0,16,0
National,X,2003,53,8461,20.104,0,0,463,1226,0,12,0
National,X,2004,1,6936,12.4279,0,0,280,573,0,9,0
National,X,2004,2,5411,9.33284,0,0,169,331,0,5,0
National,X,2004,3,4329,6.00601,0,0,96,161,0,3,0
National,X,2004,4,4166,3.98464,0,0,93,70,0,3,0
National,X,2004,5,3661,2.9227,0,1,46,58,0,2,0
National,X,2004,6,3530,1.84136,0,0,24,36,0,5,0
National,X,2004,7,3136,1.78571,0,0,29,19,0,8,0
National,X,2004,8,2559,1.48496,0,0,16,10,0,12,0
National,X,2004,9,2651,0.678989,0,0,4,6,0,8,0
National,X,2004,10,2369,0.590967,0,0,2,6,0,6,0
National,X,2004,11,2239,0.580616,0,0,4,7,0,2,0
National,X,2004,12,1801,1.33259,0,0,5,4,0,15,0
National,X,2004,13,1850,0.918919,0,0,3,5,0,9,0
National,X,2004,14,1778,0.506187,0,0,0,1,0,8,0
National,X,2004,15,1564,0.959079,0,0,0,3,0,12,0
National,X,2004,16,1449,1.65631,0,0,2,11,0,11,0
National,X,2004,17,1377,0.798838,0,0,0,4,0,7,0
National,X,2004,18,1298,0.693374,0,0,0,3,0,6,0
National,X,2004,19,1241,0.16116,0,0,0,0,0,2,0
National,X,2004,20,1105,0.361991,0,0,0,1,0,3,0
National,X,2004,21,1055,0.56872,0,0,1,2,0,3,0
National,X,2004,22,823,0.72904,0,0,0,2,0,4,0
National,X,2004,23,793,0.37831,0,0,0,1,0,2,0
National,X,2004,24,844,0.236967,0,0,0,0,0,2,0
National,X,2004,25,741,0.404858,0,0,1,1,0,1,0
National,X,2004,26,730,0.410959,0,0,1,0,0,2,0
National,X,2004,27,573,0.17452,0,0,0,0,0,1,0
National,X,2004,28,746,0.268097,0,0,0,0,0,2,0
National,X,2004,29,563,0.35524,0,0,0,0,0,2,0
National,X,2004,30,671,0,0,0,0,0,0,0,0
National,X,2004,31,628,0.318471,0,0,1,0,0,1,0
National,X,2004,32,620,0.16129,0,0,1,0,0,0,0
National,X,2004,33,647,0.15456,0,0,0,0,0,1,0
National,X,2004,34,823,0.486027,0,0,0,3,0,1,0
National,X,2004,35,827,0.483676,0,0,4,0,0,0,0
National,X,2004,36,822,0.364964,0,0,0,0,0,3,0
National,X,2004,37,907,0.771775,0,0,1,4,0,2,0
National,X,2004,38,890,0.449438,0,0,2,1,0,1,0
National,X,2004,39,919,1.52339,0,0,4,8,0,2,0
National,X,2004,40,1860,0.645161,0,0,5,3,0,4,0
National,X,2004,41,2154,0.649954,0,0,10,3,0,1,0
National,X,2004,42,2412,1.61692,0,0,16,12,0,11,0
National,X,2004,43,2620,1.22137,0,0,13,12,0,7,0
National,X,2004,44,2771,1.62396,0,0,19,10,0,16,0
National,X,2004,45,3074,2.01692,0,0,28,10,0,24,0
National,X,2004,46,3310,2.77946,0,0,41,30,0,21,0
National,X,2004,47,3111,1.96078,0,0,18,22,0,21,0
National,X,2004,48,3826,3.58076,0,0,65,40,0,32,0
National,X,2004,49,3846,5.0182,0,0,88,73,0,32,0
National,X,2004,50,4359,6.56114,0,1,114,126,0,45,0
National,X,2004,51,4509,11.7764,0,1,186,290,0,54,0
National,X,2004,52,5807,16.7556,0,0,340,510,0,123,0
National,X,2005,1,6921,18.5667,0,2,405,712,0,166,0
National,X,2005,2,6646,16.9425,0,2,308,634,0,182,0
National,X,2005,3,6948,21.3443,0,2,377,892,0,212,0
National,X,2005,4,8010,23.2959,0,1,514,1045,0,306,0
National,X,2005,5,8654,26.8662,0,0,687,1214,0,424,0
National,X,2005,6,9684,26.5489,0,2,640,1451,0,478,0
National,X,2005,7,10586,25.5526,0,2,692,1398,0,613,0
National,X,2005,8,9710,23.4604,0,1,524,1135,0,618,0
National,X,2005,9,8511,19.9507,0,0,228,950,0,520,0
National,X,2005,10,7580,16.0422,0,0,163,635,0,418,0
National,X,2005,11,6540,16.9419,0,0,148,489,0,471,0
National,X,2005,12,5928,14.6592,0,0,103,303,0,463,0
National,X,2005,13,5134,11.044,0,3,54,167,0,343,0
National,X,2005,14,3894,9.11659,0,0,47,96,0,212,0
National,X,2005,15,3339,5.27104,0,0,14,39,0,123,0
National,X,2005,16,2933,4.19366,0,1,21,26,0,75,0
National,X,2005,17,2570,2.68482,0,0,12,15,0,42,0
National,X,2005,18,2250,2.26667,0,0,10,8,0,33,0
National,X,2005,19,2136,1.73221,0,0,13,5,0,19,0
National,X,2005,20,1889,2.06458,0,0,20,3,0,16,0
National,X,2005,21,1809,1.71365,0,0,9,3,0,19,0
National,X,2005,22,1682,1.36742,0,0,5,3,0,15,0
National,X,2005,23,1576,0.761421,0,0,4,0,0,8,0
National,X,2005,24,1514,0.990753,0,0,3,2,0,10,0
National,X,2005,25,1229,0.895037,0,0,5,1,0,5,0
National,X,2005,26,1215,0.576132,0,0,0,6,0,1,0
National,X,2005,27,1073,0.465983,0,0,1,0,0,4,0
National,X,2005,28,991,0.201816,0,0,0,0,0,2,0
National,X,2005,29,983,0.305188,0,0,0,1,0,2,0
National,X,2005,30,1124,0.177936,0,0,1,0,0,1,0
National,X,2005,31,1018,0,0,0,0,0,0,0,0
National,X,2005,32,964,0.414938,0,0,3,1,0,0,0
National,X,2005,33,989,0.606673,0,1,0,5,0,0,0
National,X,2005,34,1016,0.393701,0,0,2,2,0,0,0
National,X,2005,35,1054,0.56926,0,0,2,3,0,1,0
National,X,2005,36,1031,0.0969932,0,0,1,0,0,0,0
National,X,2005,37,1099,0.454959,0,0,4,0,0,1,0
National,X,2005,38,1280,0.15625,0,0,2,0,0,0,0
National,X,2005,39,1421,0.492611,0,0,2,4,0,1,0
National,X,2005,40,1894,0.580781,0,0,6,4,0,1,0
National,X,2005,41,2191,0.547695,0,0,6,4,0,2,0
National,X,2005,42,2349,1.06428,0,0,12,8,0,5,0
National,X,2005,43,2780,0.503597,0,0,6,6,0,2,0
National,X,2005,44,2890,0.795848,0,0,13,7,0,3,0
National,X,2005,45,3320,1.29518,0,1,21,14,0,7,0
National,X,2005,46,3861,1.2173,0,2,18,23,0,4,0
National,X,2005,47,3268,1.59119,0,0,19,30,0,3,0
National,X,2005,48,4056,2.85996,0,1,57,56,0,2,0
National,X,2005,49,3863,5.53974,0,1,126,79,0,8,0
National,X,2005,50,4618,8.6401,0,0,269,125,0,5,0
National,X,2005,51,5418,12.7538,0,1,296,383,0,11,0
National,X,2005,52,5829,13.4843,0,2,336,425,0,23,0
National,X,2006,1,6417,11.7189,0,1,259,468,0,24,0
National,X,2006,2,6378,13.2173,0,4,297,520,0,22,0
National,X,2006,3,6255,14.1167,0,4,285,565,0,29,0
National,X,2006,4,6732,15.7308,0,4,308,714,0,33,0
National,X,2006,5,7029,16.688,0,6,314,779,0,74,0
National,X,2006,6,7226,17.9491,0,9,321,825,0,142,0
National,X,2006,7,8105,19.5682,0,17,372,1013,0,184,0
National,X,2006,8,7948,20.4454,0,16,364,1003,0,242,0
National,X,2006,9,7978,22.5871,0,29,435,942,0,396,0
National,X,2006,10,7819,22.4325,0,54,411,881,0,408,0
National,X,2006,11,6995,19.7427,0,40,276,624,0,441,0
National,X,2006,12,6444,18.4668,0,79,181,498,0,432,0
National,X,2006,13,5424,17.9757,0,63,134,340,0,438,0
National,X,2006,14,4459,13.5681,0,38,53,202,0,312,0
National,X,2006,15,4032,11.3591,0,24,51,142,0,241,0
National,X,2006,16,3499,9.88854,0,24,30,74,0,218,0
National,X,2006,17,2675,7.47664,0,10,2,53,0,135,0
National,X,2006,18,2516,7.7504,0,7,7,53,0,128,0
National,X,2006,19,2453,7.21565,0,12,0,49,0,116,0
National,X,2006,20,2399,5.62734,0,6,1,41,0,87,0
National,X,2006,21,2058,6.31681,0,9,0,28,0,93,0
National,X,2006,22,1663,4.69032,0,9,0,19,0,50,0
National,X,2006,23,1444,3.80886,0,9,0,8,0,38,0
National,X,2006,24,1267,1.97316,0,3,0,11,0,11,0
National,X,2006,25,1178,1.18846,0,2,0,2,0,10,0
National,X,2006,26,1017,1.17994,0,3,1,2,0,6,0
National,X,2006,27,907,0.882029,0,2,0,4,0,2,0
National,X,2006,28,914,0.765864,0,0,1,6,0,0,0
National,X,2006,29,917,1.19956,0,0,0,9,0,2,0
National,X,2006,30,863,1.96987,0,6,1,8,0,2,0
National,X,2006,31,943,2.12089,0,3,0,16,0,1,0
National,X,2006,32,899,1.33482,0,1,0,9,0,2,0
National,X,2006,33,862,1.39211,0,3,0,7,0,2,0
National,X,2006,34,898,1.67038,0,3,0,9,0,3,0
National,X,2006,35,907,1.87431,0,5,0,8,0,4,0
National,X,2006,36,881,1.4756,0,5,0,8,0,0,0
National,X,2006,37,1067,2.90534,0,13,0,17,0,1,0
National,X,2006,38,996,3.51406,0,22,0,11,0,2,0
National,X,2006,39,971,2.98661,0,13,0,13,0,3,0
National,X,2006,40,2309,2.42529,0,13,2,26,0,15,0
National,X,2006,41,2502,2.67786,0,20,1,37,0,9,0
National,X,2006,42,2900,2.75862,0,17,4,37,0,22,0
National,X,2006,43,3237,2.595,0,13,2,46,0,23,0
National,X,2006,44,3765,3.79814,0,25,1,75,0,42,0
National,X,2006,45,4262,3.63679,0,18,1,93,0,43,0
National,X,2006,46,4525,2.93923,0,25,2,74,0,32,0
National,X,2006,47,4538,3.54782,0,21,2,110,0,28,0
National,X,2006,48,5642,3.70436,0,43,1,111,0,54,0
National,X,2006,49,5805,4.5478,0,55,2,145,0,62,0
National,X,2006,50,6686,8.09153,0,106,9,306,0,120,0
National,X,2006,51,7083,10.2922,0,194,10,392,0,133,0
National,X,2006,52,6777,10.3881,0,201,14,366,0,123,0
National,X,2007,1,6711,6.97363,0,128,14,240,0,86,0
National,X,2007,2,6430,9.23795,0,180,35,293,0,86,0
National,X,2007,3,6200,11.5806,0,174,44,420,0,80,0
National,X,2007,4,7200,18.1944,0,310,86,760,0,154,0
National,X,2007,5,8261,22.3823,0,367,107,1172,0,203,0
National,X,2007,6,8986,28.1772,0,497,133,1491,0,411,0
National,X,2007,7,9780,25.7975,0,430,133,1544,0,416,0
National,X,2007,8,9947,23.7961,0,297,156,1388,0,526,0
National,X,2007,9,8634,22.5735,0,201,192,1006,0,550,0
National,X,2007,10,7848,20.2472,0,169,199,751,0,470,0
National,X,2007,11,6928,19.5294,0,147,207,569,0,430,0
National,X,2007,12,6460,16.8731,0,65,165,491,0,369,0
National,X,2007,13,5558,13.7639,0,59,173,322,0,211,0
National,X,2007,14,4698,11.026,0,33,101,228,0,156,0
National,X,2007,15,4243,12.1376,0,31,186,158,0,140,0
National,X,2007,16,3857,9.67073,0,28,126,138,0,81,0
National,X,2007,17,3015,9.75124,0,21,119,86,0,68,0
National,X,2007,18,3006,6.75316,0,15,81,51,0,56,0
National,X,2007,19,2531,4.97827,0,7,38,43,0,38,0
National,X,2007,20,2341,3.92994,0,3,23,39,0,27,0
National,X,2007,21,1944,4.32099,0,4,32,34,0,14,0
National,X,2007,22,1696,1.76887,0,2,7,12,0,9,0
National,X,2007,23,1670,1.1976,0,1,5,10,0,4,0
National,X,2007,24,1529,1.70046,0,0,6,13,0,7,0
National,X,2007,25,1300,0.615385,0,3,1,2,0,2,0
National,X,2007,26,1278,1.17371,0,0,1,10,0,4,0
National,X,2007,27,1121,1.60571,0,2,3,8,0,5,0
National,X,2007,28,1195,1.92469,0,4,8,9,0,2,0
National,X,2007,29,1154,1.38648,0,4,3,8,0,1,0
National,X,2007,30,1165,3.17597,0,14,7,14,0,2,0
National,X,2007,31,1217,1.97206,0,2,6,14,0,2,0
National,X,2007,32,1157,2.93863,0,11,5,14,0,4,0
National,X,2007,33,1120,1.69643,0,7,2,10,0,0,0
National,X,2007,34,1170,1.96581,0,1,0,21,0,1,0
National,X,2007,35,1204,2.49169,0,10,0,13,0,7,0
National,X,2007,36,1093,2.19579,0,10,0,14,0,0,0
National,X,2007,37,1228,2.443,0,14,1,8,0,7,0
National,X,2007,38,954,3.14465,0,11,1,15,0,3,0
National,X,2007,39,1052,1.90114,0,3,1,16,0,0,0
National,X,2007,40,2382,1.84719,0,17,2,20,0,5,0
National,X,2007,41,2534,1.73639,0,19,3,22,0,0,0
National,X,2007,42,2953,1.62547,0,16,2,28,0,2,0
National,X,2007,43,3179,1.57282,0,16,2,27,0,5,0
National,X,2007,44,3575,2.06993,0,10,0,53,0,11,0
National,X,2007,45,3797,2.23861,0,17,10,47,0,11,0
National,X,2007,46,4131,2.10603,0,24,6,55,0,2,0
National,X,2007,47,4040,3.46535,0,35,2,90,0,13,0
National,X,2007,48,4855,3.31617,0,49,12,86,0,14,0
National,X,2007,49,4909,3.66673,0,35,10,113,0,22,0
National,X,2007,50,5157,4.16909,0,50,22,117,0,26,0
National,X,2007,51,5877,5.34286,0,68,28,167,0,51,0
National,X,2007,52,6269,7.14628,0,77,26,259,0,86,0
National,X,2008,1,6829,8.55176,0,98,61,318,0,107,0
National,X,2008,2,7383,13.5853,0,166,145,529,0,163,0
National,X,2008,3,7814,16.8032,0,196,205,703,0,209,0
National,X,2008,4,9474,22.7148,0,210,385,1215,0,342,0
National,X,2008,5,13459,28.4642,0,243,627,2301,0,660,0
National,X,2008,6,15342,31.7494,0,265,841,2835,0,930,0
National,X,2008,7,15171,31.8173,0,202,837,2703,0,1085,0
National,X,2008,8,17359,30.3992,0,189,975,2730,0,1383,0
National,X,2008,9,16097,27.6511,0,121,823,2095,0,1412,0
National,X,2008,10,15181,23.6809,0,73,630,1505,0,1387,0
National,X,2008,11,11648,22.0124,0,69,484,916,0,1095,0
National,X,2008,12,9498,20.3938,0,43,395,596,0,903,0
National,X,2008,13,7800,17.7821,0,13,178,419,0,777,0
National,X,2008,14,6183,14.5399,0,12,110,266,0,511,0
National,X,2008,15,5285,11.7692,0,6,56,144,0,416,0
National,X,2008,16,4103,8.50597,0,0,32,83,0,234,0
National,X,2008,17,3556,5.3712,0,5,11,44,0,131,0
National,X,2008,18,2724,4.62555,0,1,9,37,0,79,0
National,X,2008,19,2539,2.56006,0,0,10,12,0,43,0
National,X,2008,20,2414,1.57415,0,0,4,14,0,20,0
National,X,2008,21,2115,1.37116,0,1,4,9,0,15,0
National,X,2008,22,1927,0.985989,0,0,2,7,0,10,0
National,X,2008,23,1850,0.918919,0,0,1,11,0,5,0
National,X,2008,24,1502,0.798935,0,0,0,5,0,7,0
National,X,2008,25,1467,0.477164,0,0,2,3,0,2,0
National,X,2008,26,1325,0.45283,0,0,0,0,0,6,0
National,X,2008,27,1203,0.332502,0,0,0,1,0,3,0
National,X,2008,28,1269,0.472813,0,1,1,0,0,4,0
National,X,2008,29,1203,0.332502,0,0,0,2,0,2,0
National,X,2008,30,1163,0.859845,0,1,5,4,0,0,0
National,X,2008,31,1125,0.622222,0,0,1,2,0,4,0
National,X,2008,32,1102,0.635209,0,1,0,5,0,1,0
National,X,2008,33,1053,0.0949668,0,0,0,0,0,1,0
National,X,2008,34,1090,0.550459,0,1,1,1,0,3,0
National,X,2008,35,1271,0.393391,0,0,0,2,0,3,0
National,X,2008,36,1336,0.449102,0,1,0,5,0,0,0
National,X,2008,37,1562,0.704225,0,0,2,7,0,2,0
National,X,2008,38,1886,1.06045,0,3,3,11,0,3,0
National,X,2008,39,2009,0.597312,0,2,0,8,0,2,0
National,X,2008,40,2759,0.616165,0,3,0,8,0,6,0
National,X,2008,41,2874,0.800278,0,5,4,8,0,6,0
National,X,2008,42,2937,1.25979,0,13,3,15,0,6,0
National,X,2008,43,3434,1.77635,0,22,0,24,0,15,0
National,X,2008,44,3545,1.21298,0,13,3,21,0,6,0
National,X,2008,45,4154,1.7092,0,33,3,23,0,12,0
National,X,2008,46,4418,1.40335,0,25,2,23,0,12,0
National,X,2008,47,4739,1.77253,0,25,1,32,0,26,0
National,X,2008,48,4836,2.25393,0,40,1,48,0,20,0
National,X,2008,49,5598,2.26867,0,45,6,58,0,18,0
National,X,2008,50,5989,3.15579,0,68,10,69,0,42,0
National,X,2008,51,6301,4.33265,0,81,19,113,0,60,0
National,X,2008,52,6031,4.72558,0,70,14,156,0,45,0
National,X,2008,53,6592,5.53701,0,119,19,177,0,50,0
National,X,2009,1,6981,8.43719,0,176,35,299,0,79,0
National,X,2009,2,6995,10.8649,0,207,25,425,0,103,0
National,X,2009,3,7943,16.0519,0,364,51,670,0,190,0
National,X,2009,4,9484,20.7613,0,563,81,944,0,381,0
National,X,2009,5,11707,23.9344,0,678,55,1382,0,687,0
National,X,2009,6,12691,25.2699,0,835,68,1357,0,947,0
National,X,2009,7,11741,24.8105,0,844,73,1064,1,931,0
National,X,2009,8,11912,24.5383,0,707,58,1006,0,1152,0
National,X,2009,9,10970,24.3482,0,549,69,885,0,1168,0
National,X,2009,10,9595,22.3762,0,388,70,627,0,1062,0
National,X,2009,11,8628,20.5494,0,358,63,433,0,919,0
National,X,2009,12,7343,16.737,0,268,45,285,0,631,0
National,X,2009,13,5778,13.8283,0,122,27,178,0,472,0
National,X,2009,14,5095,10.6575,0,102,35,129,1,276,0
National,X,2009,15,4674,7.1887,0,39,29,82,1,185,0
National,X,2009,16,4219,7.67954,14,43,37,113,4,113,0
National,X,2009,17,36203,12.4631,1354,702,935,526,195,800,0
National,X,2009,18,34659,15.0235,2484,518,893,709,117,486,0
National,X,2009,19,16820,18.0856,1741,155,298,626,88,134,0
National,X,2009,20,15410,26.7878,2796,79,322,767,71,93,0
National,X,2009,21,13483,33.4866,3144,34,304,964,27,42,0
National,X,2009,22,13553,39.482,3967,30,441,872,17,24,0
National,X,2009,23,13762,41.6146,4203,29,268,1194,18,15,0
National,X,2009,24,14264,43.0454,4587,15,221,1286,22,9,0
National,X,2009,25,12117,36.1806,3267,9,76,993,33,6,0
National,X,2009,26,10913,31.7786,2637,13,41,747,23,7,0
National,X,2009,27,10713,32.0358,2753,1,45,614,12,7,0
National,X,2009,28,9808,27.5387,2123,3,29,519,24,3,0
National,X,2009,29,8646,27.1108,1901,4,16,403,17,3,0
National,X,2009,30,9184,27.5588,1990,4,11,498,24,4,0
National,X,2009,31,8424,23.6705,1471,10,7,486,18,2,0
National,X,2009,32,8572,22.5502,1462,9,8,441,8,5,0
National,X,2009,33,10003,24.3627,1905,9,18,493,11,1,0
National,X,2009,34,11636,22.0265,1792,12,15,713,16,15,0
National,X,2009,35,13008,22.2863,1798,10,11,1062,17,1,0
National,X,2009,36,14896,24.0064,2132,4,6,1416,8,10,0
National,X,2009,37,16682,25.5905,2456,4,1,1794,10,4,0
National,X,2009,38,16820,26.9917,2614,4,6,1881,24,11,0
National,X,2009,39,15419,31.98,3456,8,4,1427,24,12,0
National,X,2009,40,23980,33.5363,6178,1,2,1822,18,21,0
National,X,2009,41,29005,37.5763,8858,2,0,2003,18,18,0
National,X,2009,42,31511,39.3799,10050,4,5,2291,27,32,0
National,X,2009,43,28104,35.575,7968,1,2,1971,39,17,0
National,X,2009,44,24986,30.9253,6208,5,2,1467,21,24,0
National,X,2009,45,21788,27.6115,4812,2,2,1165,21,14,0
National,X,2009,46,18493,19.6182,2848,1,0,746,21,12,0
National,X,2009,47,13301,14.5628,1474,1,3,445,9,5,0
National,X,2009,48,13134,10.7355,1048,1,0,322,9,30,0
National,X,2009,49,11364,7.63816,630,1,3,211,7,16,0
National,X,2009,50,10494,6.44178,496,0,3,158,6,13,0
National,X,2009,51,8622,4.95245,273,3,0,146,1,4,0
National,X,2009,52,9617,4.86638,311,0,1,146,1,9,0
National,X,2010,1,9456,4.00804,272,0,1,92,3,11,0
National,X,2010,2,8753,4.76408,272,1,3,128,2,11,0
National,X,2010,3,8468,5.63297,324,0,1,149,2,1,0
National,X,2010,4,8378,5.10862,282,0,3,134,0,9,0
National,X,2010,5,8243,5.15589,307,0,0,108,0,10,0
National,X,2010,6,8099,4.55612,250,1,0,109,0,9,0
National,X,2010,7,8375,4.77612,281,0,0,112,0,7,0
National,X,2010,8,8074,5.42482,335,0,1,99,0,3,0
National,X,2010,9,7514,6.13521,353,0,0,102,0,6,0
National,X,2010,10,7502,6.61157,364,0,0,119,0,13,0
National,X,2010,11,6485,5.70547,262,0,1,103,0,4,0
National,X,2010,12,5654,4.42165,180,0,1,58,0,11,0
National,X,2010,13,5246,4.34617,166,0,1,55,0,6,0
National,X,2010,14,4716,2.75657,102,0,1,26,0,1,0
National,X,2010,15,4095,2.05128,60,0,2,14,0,8,0
National,X,2010,16,3740,1.25668,20,0,2,12,0,13,0
National,X,2010,17,3660,0.710383,17,0,0,5,0,4,0
National,X,2010,18,3117,0.802053,18,0,1,3,0,3,0
National,X,2010,19,2891,0.622622,6,0,2,6,0,4,0
National,X,2010,20,2903,0.516707,7,0,1,3,1,3,0
National,X,2010,21,2689,0.185943,0,0,0,3,0,2,0
National,X,2010,22,2136,0.280899,3,0,1,0,0,2,0
National,X,2010,23,2163,0.277393,1,0,1,1,0,3,0
National,X,2010,24,2033,0.442696,1,0,4,1,0,3,0
National,X,2010,25,1987,0.402617,3,0,4,1,0,0,0
National,X,2010,26,1820,0.21978,1,0,1,1,0,1,0
National,X,2010,27,1636,0.305623,1,0,4,0,0,0,0
National,X,2010,28,1620,0.679012,2,0,7,0,0,2,0
National,X,2010,29,1606,0.498132,3,0,2,0,0,3,0
National,X,2010,30,1686,1.36418,1,0,13,4,0,5,0
National,X,2010,31,1520,1.05263,4,0,9,2,0,1,0
National,X,2010,32,1676,1.73031,7,0,10,2,0,10,0
National,X,2010,33,1790,1.06145,5,0,11,0,0,3,0
National,X,2010,34,1967,2.03355,10,0,18,6,0,6,0
National,X,2010,35,2212,1.26582,7,0,14,3,0,4,0
National,X,2010,36,2336,1.5411,9,0,16,7,0,4,0
National,X,2010,37,2698,1.85322,5,1,31,7,0,6,0
National,X,2010,38,2960,1.62162,0,0,30,9,0,9,0
National,X,2010,39,2988,1.33869,2,0,20,8,0,10,0
National,X,2010,40,3600,2.13889,7,0,18,29,0,23,0
National,X,2010,41,4006,3.19521,13,0,36,43,0,36,0
National,X,2010,42,4112,3.38035,8,0,35,51,0,45,0
National,X,2010,43,4240,3.91509,13,0,56,45,0,52,0
National,X,2010,44,4608,5.36024,12,0,61,68,0,106,0
National,X,2010,45,5377,6.50921,15,0,79,93,0,163,0
National,X,2010,46,5578,8.73073,23,0,123,104,0,237,0
National,X,2010,47,5533,10.6091,11,0,155,156,0,265,0
National,X,2010,48,5975,9.99163,35,0,176,126,0,260,0
National,X,2010,49,6361,13.2526,48,0,359,126,0,310,0
National,X,2010,50,7692,18.8508,83,0,551,274,0,542,0
National,X,2010,51,8172,25.0367,112,0,789,456,0,689,0
National,X,2010,52,9030,26.268,197,0,1015,512,0,648,0
National,X,2011,1,10441,25.17,346,0,1159,551,0,572,0
National,X,2011,2,10190,29.2836,557,0,1216,626,0,585,0
National,X,2011,3,11067,33.5231,832,0,1437,700,0,741,0
National,X,2011,4,12950,34.3398,1074,0,1524,877,0,972,0
National,X,2011,5,13875,35.4018,1231,0,1481,1073,0,1127,0
National,X,2011,6,14647,34.6624,1267,0,1488,1145,0,1177,0
National,X,2011,7,16401,34.8515,1432,0,1570,1360,0,1354,0
National,X,2011,8,15033,30.9785,1170,0,1235,1048,0,1204,0
National,X,2011,9,12990,27.5058,954,0,997,738,0,884,0
National,X,2011,10,11625,23.7935,714,0,858,503,0,691,0
National,X,2011,11,9860,20.284,457,0,609,371,0,563,0
National,X,2011,12,8443,16.1199,264,0,426,265,0,406,0
National,X,2011,13,7107,12.8043,168,0,283,166,0,293,0
National,X,2011,14,6481,9.8133,87,0,208,87,0,254,0
National,X,2011,15,5615,7.12378,46,0,141,54,0,159,0
National,X,2011,16,4642,4.4162,30,0,60,29,0,86,0
National,X,2011,17,3976,3.34507,10,0,28,32,0,63,0
National,X,2011,18,3611,1.91083,11,0,23,10,0,25,0
National,X,2011,19,3271,1.10058,2,0,11,8,0,15,0
National,X,2011,20,3079,0.84443,3,0,6,4,0,13,0
National,X,2011,21,2705,0.665434,3,0,4,6,0,5,0
National,X,2011,22,2442,0.532351,2,0,0,5,0,6,0
National,X,2011,23,2259,0.265604,0,0,0,2,0,4,0
National,X,2011,24,2109,0.426743,2,0,1,6,0,0,0
National,X,2011,25,1967,0.254194,0,0,0,2,0,3,0
National,X,2011,26,1560,0.25641,2,0,0,1,0,1,0
National,X,2011,27,1498,0.333778,2,0,1,1,0,1,0
National,X,2011,28,1500,0.6,0,0,4,1,0,4,0
National,X,2011,29,1500,0.666667,0,0,4,1,0,5,0
National,X,2011,30,1307,0.306044,0,0,1,2,0,1,0
National,X,2011,31,1428,0.770308,3,0,2,3,0,3,0
National,X,2011,32,1433,0.907188,1,0,3,7,0,2,0
National,X,2011,33,1506,1.06242,2,0,5,5,1,3,0
National,X,2011,34,1705,0.997067,0,0,5,6,0,6,0
National,X,2011,35,1925,0.779221,2,0,3,9,0,1,0
National,X,2011,36,2056,0.632296,1,0,3,7,0,2,0
National,X,2011,37,2326,0.902837,0,0,6,11,0,4,0
National,X,2011,38,2612,0.803982,0,0,5,8,0,8,0
National,X,2011,39,2920,1.19863,1,0,18,10,0,6,0
National,X,2011,40,3192,1.03383,3,0,14,7,0,9,0
National,X,2011,41,3316,0.572979,0,0,9,2,0,8,0
National,X,2011,42,3425,0.817518,2,0,10,8,0,8,0
National,X,2011,43,3749,1.17365,0,0,12,20,0,12,0
National,X,2011,44,4075,0.957055,1,0,17,12,0,9,0
National,X,2011,45,4326,1.13269,2,0,15,17,0,15,0
National,X,2011,46,4580,0.960699,0,0,15,17,0,12,0
National,X,2011,47,4108,1.82571,3,0,23,30,0,19,0
National,X,2011,48,4669,1.54209,2,0,32,21,0,17,0
National,X,2011,49,4710,2.29299,5,0,38,45,0,20,0
National,X,2011,50,4906,2.71097,4,0,78,31,0,20,0
National,X,2011,51,5151,3.8245,7,0,104,62,0,24,0
National,X,2011,52,5470,3.32724,4,0,107,53,0,18,0
National,X,2012,1,5690,3.21617,16,0,101,44,0,22,0
National,X,2012,2,5341,4.39993,31,0,142,47,0,15,0
National,X,2012,3,5364,5.9657,50,0,195,57,0,18,0
National,X,2012,4,5840,8.09932,84,0,257,100,0,32,0
National,X,2012,5,6251,10.8783,128,0,365,144,0,43,0
National,X,2012,6,6413,12.615,167,0,419,167,0,56,0
National,X,2012,7,7298,14.8397,233,0,508,271,0,71,0
National,X,2012,8,7596,18.9968,319,0,690,356,0,78,0
National,X,2012,9,8485,23.8185,488,0,988,433,0,112,0
National,X,2012,10,8459,28.183,538,0,1232,491,0,123,0
National,X,2012,11,8822,30.7187,599,0,1396,516,0,199,0
National,X,2012,12,7974,27.527,445,0,1086,427,0,237,0
National,X,2012,13,7450,21.557,311,0,719,332,0,244,0
National,X,2012,14,6695,22.0762,266,0,629,308,0,275,0
National,X,2012,15,6304,20.4473,188,0,591,212,0,298,0
National,X,2012,16,5689,20.6363,119,0,540,201,0,314,0
National,X,2012,17,4980,17.2691,74,0,361,151,0,274,0
National,X,2012,18,4522,15.9885,53,0,299,119,0,252,0
National,X,2012,19,4061,15.1687,33,0,229,88,0,266,0
National,X,2012,20,3811,13.3298,23,0,162,69,0,254,0
National,X,2012,21,3729,11.1558,11,0,76,69,0,260,0
National,X,2012,22,3347,10.9053,3,0,78,56,0,228,0
National,X,2012,23,3055,9.59083,7,0,45,44,0,197,0
National,X,2012,24,2898,9.97239,2,0,52,56,0,179,0
National,X,2012,25,2529,6.76157,2,0,36,30,0,103,0
National,X,2012,26,2255,6.74058,0,0,17,22,0,113,0
National,X,2012,27,1970,4.72081,1,0,15,18,0,59,0
National,X,2012,28,2052,4.5809,4,0,33,15,0,41,1
National,X,2012,29,2100,3.66667,0,0,18,11,0,48,0
National,X,2012,30,2048,5.12695,2,0,49,13,0,32,9
National,X,2012,31,2161,9.48635,1,0,65,11,0,33,95
National,X,2012,32,2294,7.54141,1,0,62,12,0,25,73
National,X,2012,33,2501,6.71731,6,0,69,14,0,27,52
National,X,2012,34,2705,4.17745,6,0,48,21,0,23,15
National,X,2012,35,2746,3.05899,1,0,37,15,0,19,12
National,X,2012,36,2914,3.05422,1,0,34,17,0,32,5
National,X,2012,37,3280,2.22561,0,0,16,11,0,44,2
National,X,2012,38,3501,3.08483,5,0,43,18,0,42,0
National,X,2012,39,3649,3.59002,7,0,42,18,0,64,0
National,X,2012,40,4513,3.78905,9,0,73,11,0,78,0
National,X,2012,41,4914,3.92755,7,0,67,24,0,95,0
National,X,2012,42,5249,5.81063,4,0,131,48,0,122,0
National,X,2012,43,5306,6.55861,3,0,152,52,0,141,0
National,X,2012,44,5406,7.86164,4,0,188,79,0,154,0
National,X,2012,45,6446,9.75799,5,0,277,116,0,231,0
National,X,2012,46,6721,13.3611,8,0,404,217,0,267,2
National,X,2012,47,7433,18.4179,7,0,591,407,0,364,0
National,X,2012,48,9333,22.3829,19,0,1022,545,0,503,0
National,X,2012,49,12060,29.204,39,0,1787,1003,0,693,0
National,X,2012,50,14711,32.6083,53,0,2662,1226,0,856,0
National,X,2012,51,16904,37.4527,55,0,3703,1419,0,1154,0
National,X,2012,52,18139,37.8742,88,0,3825,1758,0,1199,0
National,X,2013,1,19673,35.2971,95,0,3723,1980,0,1146,0
National,X,2013,2,22224,34.2063,126,0,4073,2166,0,1237,0
National,X,2013,3,20931,30.5432,127,0,3232,1892,0,1142,0
National,X,2013,4,18668,29.5747,145,0,2527,1660,0,1189,0
National,X,2013,5,16228,26.5221,143,0,1952,1051,0,1158,0
National,X,2013,6,14491,22.7314,121,0,1205,780,0,1188,0
National,X,2013,7,12691,20.8809,78,0,844,534,0,1194,0
National,X,2013,8,11354,20.037,78,0,575,397,0,1225,0
National,X,2013,9,10504,18.7262,60,0,417,309,0,1181,0
National,X,2013,10,10165,17.9144,70,0,330,217,0,1204,0
National,X,2013,11,9559,16.916,49,0,212,201,0,1155,0
National,X,2013,12,8647,15.913,36,0,179,144,0,1017,0
National,X,2013,13,7722,14.4522,41,0,124,98,0,853,0
National,X,2013,14,6782,13.9339,30,0,121,107,0,687,0
National,X,2013,15,6198,10.8261,48,0,69,65,0,489,0
National,X,2013,16,5575,8.75336,30,0,79,47,0,332,0
National,X,2013,17,5095,7.67419,34,0,60,48,0,249,0
National,X,2013,18,4919,6.5867,18,0,55,29,0,222,0
National,X,2013,19,4473,5.41024,13,0,36,27,0,166,0
National,X,2013,20,4102,4.46124,11,0,24,22,0,126,0
National,X,2013,21,4097,4.36905,15,0,21,20,0,123,0
National,X,2013,22,3587,4.20965,14,0,14,28,0,95,0
National,X,2013,23,3576,3.85906,14,0,13,29,0,82,0
National,X,2013,24,3254,3.93362,21,0,12,32,0,63,0
National,X,2013,25,3227,3.99752,29,0,12,31,0,55,2
National,X,2013,26,2999,3.23441,34,0,5,24,0,28,6
National,X,2013,27,2579,3.25708,17,0,14,24,0,25,4
National,X,2013,28,2653,3.76932,23,0,30,33,0,14,0
National,X,2013,29,2504,2.95527,21,0,13,25,0,14,1
National,X,2013,30,2316,2.9361,20,0,11,26,0,10,1
National,X,2013,31,2549,3.49157,23,0,14,30,0,20,2
National,X,2013,32,2494,3.12751,28,0,11,27,0,12,0
National,X,2013,33,2304,2.77778,16,0,3,33,0,12,0
National,X,2013,34,2560,2.34375,12,0,4,40,0,3,1
National,X,2013,35,3006,4.09182,42,0,4,66,0,10,1
National,X,2013,36,3148,3.65311,25,0,6,71,0,13,0
National,X,2013,37,3602,3.38701,49,0,7,59,0,7,0
National,X,2013,38,3888,3.1893,38,0,8,56,0,22,0
National,X,2013,39,4596,4.09051,55,0,11,102,0,20,0
National,X,2013,40,4911,3.95032,69,0,13,83,0,28,1
National,X,2013,41,5808,3.94284,57,0,24,116,0,32,0
National,X,2013,42,5801,3.18911,49,0,16,94,0,26,0
National,X,2013,43,5886,3.53381,73,0,21,100,0,14,0
National,X,2013,44,6316,4.63901,88,0,26,136,0,43,0
National,X,2013,45,6945,5.75954,157,0,29,171,0,43,0
National,X,2013,46,7203,7.19145,272,0,21,188,0,37,0
National,X,2013,47,7839,9.14657,425,0,22,213,0,57,0
National,X,2013,48,7433,12.0813,496,0,29,331,0,42,0
National,X,2013,49,10169,16.9043,1023,0,34,593,0,69,0
National,X,2013,50,10837,20.7899,1324,0,56,821,0,52,0
National,X,2013,51,14015,28.2198,2231,0,51,1606,0,67,0
National,X,2013,52,15748,31.0706,3004,0,47,1749,0,93,0
National,X,2014,1,17779,29.1749,3477,0,84,1538,0,88,0
National,X,2014,2,18253,27.705,3544,0,106,1316,0,91,0
National,X,2014,3,17480,26.7735,3263,0,126,1160,0,131,0
National,X,2014,4,16468,24.3017,2643,0,132,1042,0,185,0
National,X,2014,5,14618,20.4542,1945,0,94,776,0,175,0
National,X,2014,6,12995,19.0612,1571,0,130,557,0,219,0
National,X,2014,7,11892,16.406,1133,0,102,489,0,227,0
National,X,2014,8,11127,13.6425,840,0,93,337,0,248,0
National,X,2014,9,10252,11.8806,581,0,102,261,0,274,0
National,X,2014,10,9441,10.8357,413,0,102,207,0,301,0
National,X,2014,11,8922,11.0513,351,0,138,163,0,334,0
National,X,2014,12,8216,12.5365,212,0,164,190,0,464,0
National,X,2014,13,7905,13.3207,156,0,184,188,0,525,0
National,X,2014,14,7531,14.5133,116,0,236,146,0,595,0
National,X,2014,15,7179,14.9603,55,0,227,168,0,624,0
National,X,2014,16,6648,13.7184,36,0,222,138,0,516,0
National,X,2014,17,6317,13.0442,35,0,191,129,0,469,0
National,X,2014,18,5865,12.6513,13,0,151,131,0,447,0
National,X,2014,19,5436,10.9823,9,0,130,104,0,354,0
National,X,2014,20,5315,10.3669,8,0,119,102,0,322,0
National,X,2014,21,4833,8.42127,4,0,105,62,0,236,0
National,X,2014,22,4757,8.89216,3,0,115,80,0,225,0
National,X,2014,23,4310,7.21578,3,0,97,51,0,160,0
National,X,2014,24,4140,7.10145,3,0,101,50,0,140,0
National,X,2014,25,3877,5.88084,3,0,69,43,0,113,0
National,X,2014,26,3434,5.06698,1,0,45,28,0,100,0
National,X,2014,27,3144,5.02545,2,0,47,26,0,83,0
National,X,2014,28,3057,5.00491,3,0,55,29,0,66,0
National,X,2014,29,3188,3.79548,0,0,41,19,0,61,0
National,X,2014,30,3127,3.74161,2,0,37,28,0,50,0
National,X,2014,31,2939,3.64069,2,0,53,25,0,27,0
National,X,2014,32,2973,2.95997,5,0,44,15,0,23,1
National,X,2014,33,3270,3.42508,1,0,54,21,0,36,0
National,X,2014,34,3339,3.2944,3,0,45,19,0,42,1
National,X,2014,35,3973,3.42311,6,0,62,26,0,42,0
National,X,2014,36,4227,2.76792,7,0,44,32,0,34,0
National,X,2014,37,5324,2.46056,1,0,66,33,0,31,0
National,X,2014,38,5681,3.01003,6,0,81,31,0,53,0
National,X,2014,39,5905,3.4547,1,0,87,51,0,65,0
National,X,2014,40,9567,3.22985,2,0,100,97,0,110,0
National,X,2014,41,11036,3.97789,5,0,125,149,0,160,0
National,X,2014,42,11729,4.97911,7,0,226,186,0,164,1
National,X,2014,43,11385,4.77822,5,0,212,200,0,127,0
National,X,2014,44,11531,6.30474,4,0,295,292,0,136,0
National,X,2014,45,12918,8.94875,6,0,506,489,0,155,0
National,X,2014,46,13777,10.2853,8,0,633,629,0,147,0
National,X,2014,47,16166,14.8645,5,0,1002,1233,0,163,0
National,X,2014,48,18504,19.585,8,0,1538,1878,0,200,0
National,X,2014,49,23068,23.1056,13,0,2585,2483,0,249,0
National,X,2014,50,29223,28.0293,6,0,3823,4047,0,315,0
National,X,2014,51,37114,30.9048,4,0,4978,6163,0,325,0
National,X,2014,52,42518,32.4521,10,0,5549,7847,0,392,0
National,X,2014,53,41550,27.3742,10,0,5260,5695,0,409,0
National,X,2015,1,38508,24.0106,11,0,4908,3955,0,372,0
National,X,2015,2,35598,24.2935,9,0,4586,3580,0,473,0
National,X,2015,3,34194,23.3462,4,0,3918,3513,0,548,0
National,X,2015,4,32003,21.5011,11,0,3475,2789,0,606,0
National,X,2015,5,29581,19.0054,10,0,2719,2170,0,723,0
National,X,2015,6,26994,15.5479,7,0,1746,1575,0,869,0
National,X,2015,7,24293,13.8723,10,0,1242,1108,0,1010,0
National,X,2015,8,22294,12.7344,18,0,954,740,0,1127,0
National,X,2015,9,20420,13.1685,5,0,774,558,0,1352,0
National,X,2015,10,19845,12.7337,8,0,458,405,0,1656,0
National,X,2015,11,18419,11.9931,2,0,340,302,0,1565,0
National,X,2015,12,16980,11.2485,7,0,227,197,0,1479,0
National,X,2015,13,15125,11.0281,4,0,168,119,0,1377,0
National,X,2015,14,14743,9.99797,8,0,87,107,0,1272,0
National,X,2015,15,13389,8.41736,13,0,66,79,0,969,0
National,X,2015,16,11873,6.51057,2,0,48,40,0,683,0
National,X,2015,17,10770,5.66388,4,0,26,36,0,544,0
National,X,2015,18,9784,5.38635,2,0,12,19,0,494,0
National,X,2015,19,9188,4.17936,2,0,16,26,0,340,0
National,X,2015,20,8412,3.66144,1,0,21,19,0,267,0
National,X,2015,21,7748,2.91688,1,0,20,21,0,184,0
National,X,2015,22,6993,2.7742,0,0,20,22,0,152,0
National,X,2015,23,6725,2.64684,1,0,20,28,0,129,0
National,X,2015,24,6133,2.4784,2,0,50,22,0,78,0
National,X,2015,25,5558,2.17704,0,0,51,24,0,46,0
National,X,2015,26,5248,2.45808,2,0,59,35,0,33,0
National,X,2015,27,5260,1.88213,4,0,40,18,0,36,1
National,X,2015,28,5039,1.70669,3,0,35,11,0,37,0
National,X,2015,29,4811,1.51736,2,0,31,19,0,21,0
National,X,2015,30,4785,1.5256,0,0,44,20,0,9,0
National,X,2015,31,4790,1.94154,4,0,50,21,0,18,0
National,X,2015,32,4910,1.64969,3,0,34,30,0,14,0
National,X,2015,33,5170,1.89555,2,0,55,25,0,16,0
National,X,2015,34,5381,1.85839,3,0,44,33,0,20,0
National,X,2015,35,6115,2.2731,3,0,64,43,0,29,0
National,X,2015,36,6786,2.18096,1,0,74,35,0,38,0
National,X,2015,37,7694,2.57343,4,0,91,56,0,47,0
National,X,2015,38,8855,1.88594,1,0,58,62,0,46,0
National,X,2015,39,9876,2.04536,7,0,77,59,0,59,0
